index,Site Type,Name,Total PFAS,Latitude,Longtitude,distancetoirport,distancetolandfil,distancetochemfactory,distancetofirefighting,distancetowaterways,spilldata,chemindustry,federalsites,greenhouse,solidwaste,ustincident,chemIndustowater,landfiltowater,chemFacttowater,coalash,hazardwaste,oldhazardsite,elevation,countofChemIndus,countofLandfill,countChemFactory,solidwastetowater,countsolidwaste,industryname,ustincidenttowater,counttoustincident
0,Military Site,Seymour Johnson Air Force Base,312000.0,35.3524,-77.9653,1.4602092733598182,0.8447371646318315,0.4575858575519673,0.4575858575519673,16.47424647598083,84.0873513799819,12.81058333404498,0.4671114583538012,97.65955646149654,0.4575858575519673,3.2783750872825306,6.629764679395952,16.61003420638148,16.871687467353986,47.116546574955194,1.147267837287405,2.490382586137346,29.0,15,30,93,16.871687467353986,93,Industrial Gas,14.253249778237109,5
1,Drinking Water,ROBESON COUNTY WATER SYSTEM,200600.0,35.06375,-78.87223,8.23108883289276,0.25062686784941224,2.153213225025608,2.153213225025608,11.553888057973067,7.597190453603955,1.9225226841514258,26.001681494887993,24.856028977597692,2.153213225025608,0.8579351943844878,10.161499682003894,11.55102267722675,9.915789595819758,8.504091202542192,0.7652310371922233,0.8930384049176832,34.0,16,46,114,9.915789595819758,114,Chemical Mfg,10.999439216080305,39
2,Military Site,CAMP LEJEUNE NC MCB,179348.0,34.5842,-77.3604,15.77003290586923,8.994832166045011,7.492225773460011,7.492225773460011,6.529701322002084,52.875622167186364,10.440651729879665,8.519541740323227,138.134721377138,7.492225773460011,20.037219418866673,12.077361472712655,14.16259229012566,13.415989968296756,55.26718376940535,9.401521035000863,17.392561971083186,12.0,8,20,16,13.415989968296756,16,National Defense,6.208158241366598,3
3,Drinking Water,City of Greensboro,124000.0,36.21522,-79.66144,12.437805417605057,5.69267400089803,7.410374780932324,7.410374780932324,4.619498468731658,25.87907386687056,3.9800864784718217,26.23134346342402,31.368202883236997,7.410374780932324,22.068739895990507,1.636665713528402,5.863486951172348,3.1321502119427835,36.63077042212611,6.179737663575887,6.5732426637599755,246.0,85,78,322,3.1321502119427835,322,Waste Management,17.587149304693668,4
4,Drinking Water,BRAGG COMMUNITIES/NTA,114500.0,35.27629,-79.17743,19.261164367573798,3.294521851157609,18.746786765157637,18.746786765157637,27.37814001939622,19.14381661807813,2.6602327244575728,15.867237238567645,57.298025730769446,18.746786765157637,19.991600360298026,24.832016534998168,30.44364964025525,28.463734831010363,28.097213251413216,1.1213438793696302,13.719421853561666,87.0,20,51,118,28.463734831010363,118,Paper Mills and Products,26.17718643451099,41
5,Drinking Water,TOWN OF JAMESTOWN  NC,105600.0,35.96232,-79.97522,15.63347826126913,3.8926920060936965,0.27440569883128213,0.27440569883128213,4.73275156516142,18.150425049436038,0.2914826698959691,53.20637785963621,12.635001633262071,0.27440569883128213,5.198389437093244,4.592802136252546,6.814338444290457,4.642922038211322,26.20147074418287,1.0453143965580527,1.247586536989508,269.0,88,129,382,4.642922038211322,382,Paints and Coatings,5.405918584247115,7
6,Drinking Water,LILLINGTON WATER SYSTEM,56700.0,35.38163,-78.90619,15.974347872651721,12.812955132019784,19.865210293718697,19.865210293718697,15.996619408432712,25.23109173959121,8.450081798720234,34.79427209415511,57.864538921767554,19.865210293718697,25.791250697954037,7.546937457666998,27.781903041342797,19.39594144448272,17.205888988490635,8.403811283164854,8.466393625707626,83.0,23,64,136,19.39594144448272,136,Plastics and Resins,25.25580108910133,38
7,Drinking Water,CITY OF BESSEMER CITY  NC,50300.0,35.31616,-81.27391,17.129260536841787,2.6182893341799147,4.929627168768472,4.929627168768472,28.67788693237198,22.04023801659691,5.3042977246832335,33.171854065141545,145.265049337107,4.929627168768472,9.991504273597897,23.42875149304063,30.442655932204,28.445763609813184,28.214531736249153,3.3324268878175887,3.630981844485161,219.0,153,80,424,28.445763609813184,424,Paper Mills and Products,18.768533539367773,28
8,Drinking Water,TOWN OF SELMA  NC,35700.0,35.58045,-78.2704,11.716457191117572,10.320573401353249,8.235730585551382,8.235730585551382,18.01490460604934,78.06226034608031,4.384999429300969,37.61159186071394,62.508428744917474,8.235730585551382,9.10943073739621,22.34157698799981,28.266637283159213,26.10526833491962,55.66504081994291,3.63099996298887,4.409751550440337,57.0,34,49,103,26.10526833491962,103,Petroleum,25.356566391832608,11
9,Drinking Water,SEYMOUR JOHNSON AFB,30600.0,35.35057,-77.96815,1.3884595945155853,0.6548857870005852,0.13727373531876866,0.13727373531876866,16.7375008564606,83.76691443639955,12.98252460864077,0.2047465479780965,97.3310249530762,0.13727373531876866,3.3501364402968,6.629764679395952,16.61003420638148,16.871687467353986,46.912057246959286,0.9304382450811047,2.7729077860307916,28.0,15,30,93,16.871687467353986,93,Industrial Gas,14.253249778237109,5
10,Drinking Water,Town of Fuquay-Varina,30000.0,35.58434,-78.80003,9.87481795672515,6.42563845719739,2.5966313432812185,2.5966313432812185,18.236071759223737,49.733460145492764,0.8114582522221474,31.55521175043509,35.214517649977154,2.5966313432812185,9.557558904413222,18.983327925299132,13.529899440964632,17.142404921178958,36.02525678245746,1.0264116800476084,0.22976758931095556,125.0,52,78,178,17.142404921178958,178,Metal Machinery Mfg,19.59655503624823,15
11,Drinking Water,LAMPLIGHTER SOUTH-DANBY,29000.0,35.08041,-80.88759,15.177253978393132,2.1402224249340893,2.4856922094579623,2.4856922094579623,15.288714453260484,6.290162600687678,0.6969697341918588,15.568075472337188,125.82367572558755,2.4856922094579623,5.483912085535008,14.806871936663864,16.233146871786236,14.245718354243172,15.812531611281331,0.7676613472042724,0.7392127107088353,184.0,157,84,393,14.245718354243172,393,Chemical Mfg,20.458425791559893,28
12,Drinking Water,CFPUA - Wilmington,27000.0,34.30237,-77.98529,8.622998570188518,1.2010258439437875,0.9228101101310126,0.9228101101310126,5.4393060044053305,13.063959269312809,3.90249249063348,31.614011806261278,98.51868390990005,0.9228101101310126,5.6556971174452215,6.381532736955714,6.394159301787854,4.99378286981237,20.573557664353505,1.6872943007484118,1.3439634403449743,12.0,19,23,102,4.99378286981237,102,Chemical Mfg,8.847474700175699,20
13,Drinking Water,CITY OF DURHAM  NC,26100.0,35.8387,-78.82694,5.672022142281514,6.391102104230805,0.22013708366809343,0.22013708366809343,13.656169603983958,76.04941301523904,4.30426873647963,5.467698134653939,6.852984204676752,0.22013708366809343,12.440332954718054,17.192407185367145,10.214912501129119,13.45295410745105,21.041886439582125,0.3037708706966394,0.6117857871514653,120.0,58,68,195,13.45295410745105,195,Electronics Industry,7.018822456519241,13
14,Drinking Water,Moore County Public Utilities - Pinehurst,25000.0,35.26479,-79.53786,13.706284074388039,5.612378127172851,15.537547876457198,15.537547876457198,19.735886565246883,49.028980079259476,18.54855592158447,26.59226210395071,79.12171210288056,15.537547876457198,8.97761142568617,32.62604401729839,22.08163228861222,19.394560796215046,57.276251478952645,4.039922858649504,3.958695753919957,151.0,14,27,62,19.394560796215046,62,Textiles and Leather,24.68143461336362,9
15,Drinking Water,City of Albemarle,20000.0,35.32139,-80.20982,12.233103892503769,5.576169861222632,4.635214622592289,4.635214622592289,17.82683681793218,45.51597309284219,3.7709123044880384,46.08938326048269,86.733865669902,4.635214622592289,3.1294574778962168,16.661979104812197,13.602783652829572,14.557179993125365,42.48277157835968,1.9649932316114689,2.2369314054509037,155.0,51,45,205,14.557179993125365,205,Textiles and Leather,16.28496740810908,10
16,Drinking Water,UNION COUNTY WATER SYSTEM,15900.0,35.10196,-80.59939,2.180229883879809,10.351972185129231,5.035417011887383,5.035417011887383,18.910967787807866,29.327829148627153,4.851462974752149,32.59996608691262,122.52539007627111,5.035417011887383,9.417634975341164,22.62025507112801,11.60595831008529,23.01201179476174,38.230806968126146,5.272150723562971,3.6550984383706044,189.0,144,88,313,23.01201179476174,313,Paper Mills and Products,19.388385690853397,25
17,Drinking Water,Fayetteville Public Works Commission,15000.0,35.06375,-78.87223,8.23108883289276,0.25062686784941224,2.153213225025608,2.153213225025608,11.553888057973067,7.597190453603955,1.9225226841514258,26.001681494887993,24.856028977597692,2.153213225025608,0.8579351943844878,10.161499682003894,11.55102267722675,9.915789595819758,8.504091202542192,0.7652310371922233,0.8930384049176832,34.0,16,46,114,9.915789595819758,114,Chemical Mfg,10.999439216080305,39
18,Drinking Water,BRUNSWICK COUNTY WATER SYSTEM,13700.0,34.30237,-77.98529,8.622998570188518,1.2010258439437875,0.9228101101310126,0.9228101101310126,5.4393060044053305,13.063959269312809,3.90249249063348,31.614011806261278,98.51868390990005,0.9228101101310126,5.6556971174452215,6.381532736955714,6.394159301787854,4.99378286981237,20.573557664353505,1.6872943007484118,1.3439634403449743,12.0,19,23,102,4.99378286981237,102,Chemical Mfg,8.847474700175699,20
19,Drinking Water,BLADEN CO WTR DIST-EAST BLADEN,13600.0,34.93037,-78.72495,11.410922915824466,13.62490713888622,6.959276160709157,6.959276160709157,12.85985384814647,12.881935283276386,14.304282957466967,44.49138636833712,14.304282957466967,6.959276160709157,9.785847175338287,5.852937197241512,0.8092228224450109,8.346865784093906,28.497456053614076,8.633167388814877,8.091277094761818,41.0,14,48,140,8.346865784093906,140,Chemical Mfg,15.395403358898497,39
20,Drinking Water,Brunswick Regional Water & Sewer H2GO,13210.0,34.25775,-78.08801,17.331244162267,4.101223651018859,1.481142150914303,1.481142150914303,5.585337982554211,20.8100444959876,1.7204231545443676,28.651736808395356,94.58825702168063,1.481142150914303,13.099209552943751,7.2903377402383605,7.367426382574585,7.066118283102725,11.99675262289927,1.3140953185055044,0.2890786570873468,21.0,19,24,100,7.066118283102725,100,Chemical Mfg,3.403302394897573,20
21,Drinking Water,TOWN OF WADESBORO  NC,12800.0,34.96821,-80.07673,5.7664837473786195,8.684934818020343,5.713994767171823,5.713994767171823,11.306981982830624,78.848765935926,8.060770735027178,54.64115208334708,113.75780076571937,5.713994767171823,43.66044279738236,4.487034966280986,3.028969356188636,10.051796288930786,77.64331961165402,1.4747497487923886,1.4729275410445655,153.0,22,18,87,10.051796288930786,87,Waste Management,16.28496740810908,2
22,Drinking Water,TOWN OF WINGATE   NC ,10600.0,34.98062,-80.44378,16.63760850320428,6.370532122538774,2.1533610775404672,2.1533610775404672,11.322460824778034,46.43246635583737,4.596226572220189,51.379950569429965,126.6085326511177,2.1533610775404672,12.898981692640422,14.121649762015002,8.881754122976433,12.484325925266452,56.056197558567575,3.803873100863241,3.7990893486350426,201.0,82,48,167,12.484325925266452,167,Textiles and Leather,19.388385690853397,19
23,Drinking Water,CENTRAL NASH WATER & SEWER,10500.0,35.77733,-78.19064,19.921949256810088,11.875610392126822,8.909747284165258,8.909747284165258,8.022841933616018,100.02422857668228,11.828885567315211,51.742380137442396,60.15594546985643,8.909747284165258,31.05304798852445,18.876617870313392,5.71085016497459,16.201387554950966,36.04092025645334,1.0637978039555311,1.0711104526106514,70.0,35,48,108,16.201387554950966,108,Electronics Industry,13.206972965130836,10
24,Military Site,Charlotte Douglas International Airport,10100.0,35.2164,-80.9539,1.4495032241451087,1.0744272782862256,2.4453170459605857,2.4453170459605857,10.328663973958715,2.193221612426247,0.5296342997028557,2.1994685535418035,130.81498163211887,2.4453170459605857,8.482075717408902,10.435693651047536,10.702940666198677,12.432495869787559,6.160927662400403,1.362590380274275,0.4384794276149333,223.0,160,100,435,12.432495869787559,435,Airports (Part 139),13.531724366497645,29
25,Drinking Water,Town of Cary,10000.0,35.7698,-78.78162,12.276950392061826,2.338842845775583,2.7527937333955577,2.7527937333955577,10.276460175679933,69.7030964720003,4.466777884492492,10.874617410366284,15.356080313062124,2.7527937333955577,4.9714879747867124,14.119531647687108,10.214912501129119,8.288891485768152,29.72215065232489,1.3027322634465348,1.6271849259014282,150.0,59,81,188,8.288891485768152,188,Electronics Industry,7.018822456519241,15
26,Drinking Water,TOWN OF DALLAS  NC,8000.0,35.3533,-81.18577,14.280629289684349,3.53065605096587,5.693360269230268,5.693360269230268,20.900386284843155,16.87819705713582,6.304035195373224,27.801902136201086,136.37356052977444,5.693360269230268,9.7561344142236,17.240277971185517,20.314243718095987,23.620544830350834,22.161893159015655,3.8227526762312576,1.994458795036626,229.0,156,95,435,23.620544830350834,435,Waste Management,18.768533539367773,30
27,Drinking Water,CITY OF OXFORD   NC,7300.0,36.3715,-78.45246,7.05967250044666,2.7592184084551707,9.88332416489924,9.88332416489924,4.013767171437731,134.94570245040626,16.33133048960978,63.19914098921655,62.938060976632535,9.88332416489924,6.563856206850853,4.068244420029474,1.6803521303001574,7.565455514576986,37.14213533047697,4.6794578599905705,3.31172509897415,145.0,20,20,81,7.565455514576986,81,Consumer Products,4.743001785349326,3
28,Drinking Water,NORTHAMPTON--LAKE GASTON,6200.0,36.53258,-77.82529,14.567407353052285,17.59705538131585,14.392835786638596,14.392835786638596,11.078366556105445,112.55903467269108,17.358121360791326,56.558653759090305,115.14408582413654,14.392835786638596,18.868419847124734,27.211098714497805,19.06769702897403,23.418572706442646,21.640927534052345,17.686710233290416,15.042976401851291,78.0,2,8,28,23.418572706442646,28,Paper Mills and Products,26.504168660347943,3
29,Well,Georgia Branch,3736.76,34.8156,-78.8317,8.3074979345482,7.459723936728169,1.8761518569424562,1.8761518569424562,6.055643414204582,2.410802462922059,2.995371410963936,45.61376669029047,2.995371410963936,1.8761518569424562,15.15546807804122,5.852937197241512,3.3517867153886893,6.853916818854454,23.305428411442147,2.538364718217896,19.024540713279134,38.0,11,43,127,6.853916818854454,127,Chemical Mfg,9.941999529944352,38
30,Waterways,Georgia Branch,3616.64,34.81569,-78.83175,8.297116879280665,7.4589369534942955,1.868765716265645,1.868765716265645,6.05009853114302,2.400005259355175,2.9846143077023846,45.603093327621224,2.9846143077023846,1.868765716265645,15.146520758113478,5.852937197241512,3.3517867153886893,6.853916818854454,23.309877935414317,2.52846004759596,19.015739187540206,38.0,11,43,127,6.853916818854454,127,Chemical Mfg,9.941999529944352,38
31,Drinking Water,CITY OF RALEIGH  NC,3300.0,35.5982,-78.45246,8.590465718480928,9.395406710691468,3.731186737857714,3.731186737857714,29.808576521699024,69.36879135119655,13.935388323157976,41.94555002605687,48.46790919407315,3.731186737857714,11.577022436063213,20.210354063665925,29.859472581608273,26.213073486587806,48.32475803728817,3.548945791079815,4.689551593729549,82.0,44,60,109,26.213073486587806,109,Waste Management,27.487277703400704,12
32,Well,Georgia Branch,3257.21,34.81569,-78.83175,8.297116879280665,7.4589369534942955,1.868765716265645,1.868765716265645,6.05009853114302,2.400005259355175,2.9846143077023846,45.603093327621224,2.9846143077023846,1.868765716265645,15.146520758113478,5.852937197241512,3.3517867153886893,6.853916818854454,23.309877935414317,2.52846004759596,19.015739187540206,38.0,11,43,127,6.853916818854454,127,Chemical Mfg,9.941999529944352,38
33,Well,Georgia Branch,3222.08,34.81441,-78.83228,8.434693003515244,7.364778951215553,2.0186368202603995,2.0186368202603995,6.017894806596286,2.528392875214019,3.114142284137494,45.684527954720174,3.114142284137494,2.0186368202603995,15.17625104340092,5.852937197241512,3.3517867153886893,6.853916818854454,23.171402190856316,2.585840422613656,19.16512923019317,38.0,11,43,127,6.853916818854454,127,Chemical Mfg,9.941999529944352,38
34,Drinking Water,CITY OF ROCKINGHAM  NC,3200.0,34.9395,-79.80726,6.990329840739783,9.13795492904178,2.7127373991816834,2.7127373991816834,5.400577147785236,72.7292564019081,2.234673834073235,31.330172231374075,88.99421619876071,2.7127373991816834,41.486715292061355,4.132132114925377,3.9632627353735996,4.520202714956615,79.96169710075552,2.7019514953447814,1.8674943639966595,82.0,13,19,69,4.520202714956615,69,Chemical Mfg,24.68143461336362,5
35,Military Site,Salisbury AASF #2,2794.0,35.6461,-80.5248,0.6133305360322978,0.40772908138693675,1.3980890814215277,1.3980890814215277,20.158114669667466,1.7695597300407053,0.9453128107589523,0.10408597091059542,69.46955932395551,1.3980890814215277,4.9593922524986676,20.192983234826464,20.2728941299317,19.19890762678878,5.4330463780117695,1.3295230524009147,1.1277297675263478,206.0,74,83,282,19.19890762678878,282,Plastics and Resins,15.67765489738881,18
36,Drinking Water,WRIGHTSVILLE BEACH WATER SYST NC,2459.7,34.2085,-77.79637,11.72654308368191,12.875828362025816,8.1613116272862,8.1613116272862,2.901433555551318,7.1996863584559305,3.559322039335211,26.696179459271615,118.6594632418174,8.1613116272862,4.06065294173295,4.74757423017467,10.476732897543018,9.914945822729262,28.807727484896652,6.122002082442077,4.953496153628581,7.0,17,22,101,9.914945822729262,101,Waste Management,5.099124942906749,20
37,Waterways,Georgia Branch,2232.83,34.811806,-78.830387,8.738913385476437,7.438089394583518,2.2339561434336628,2.2339561434336628,6.230872772798754,2.8490701805978724,3.4332822135715455,46.0188566919528,3.4332822135715455,2.2339561434336628,15.472850467799256,5.852937197241512,3.3517867153886893,6.853916818854454,23.0727142971149,2.9108721148918963,19.412211817542808,34.0,11,43,127,6.853916818854454,127,Chemical Mfg,9.941999529944352,38
38,Waterways,Georgia Branch,2086.64,34.813013,-78.83119,8.598228631840335,7.408744812171903,2.128006821856118,2.128006821856118,6.137488798463128,2.701459042615433,3.28633604427632,45.8680972744285,3.28633604427632,2.128006821856118,15.34100037426217,5.852937197241512,3.3517867153886893,6.853916818854454,23.122461202396394,2.7647573472553137,19.295931207128138,36.0,11,43,127,6.853916818854454,127,Chemical Mfg,9.941999529944352,38
39,Waterways,Mines Creek,1986.32,34.81394,-78.83533,8.468214964809837,7.085040662625917,2.188579636396727,2.188579636396727,5.7487003897845526,2.539083733392054,3.125101929465969,45.553457419419544,3.125101929465969,2.188579636396727,14.963888621882104,5.852937197241512,3.3517867153886893,6.853916818854454,22.947651709146694,2.4275713726882726,19.277694846387565,36.0,11,43,127,6.853916818854454,127,Chemical Mfg,9.941999529944352,38
40,Well,Mines Creek,1797.55,34.81841,-78.85773,8.123177885130918,5.457297392821352,2.973922654110229,2.973922654110229,3.660685306264512,2.721647446705244,3.1317321084959704,43.921323539024165,3.1317321084959704,2.973922654110229,12.972341080733749,5.852937197241512,3.3517867153886893,4.742372349441836,22.04997110325229,1.3777247269116268,18.851353683713565,44.0,11,45,127,4.742372349441836,127,Chemical Mfg,9.941999529944352,38
41,Well,Mines Creek,1759.42,34.81394,-78.83533,8.468214964809837,7.085040662625917,2.188579636396727,2.188579636396727,5.7487003897845526,2.539083733392054,3.125101929465969,45.553457419419544,3.125101929465969,2.188579636396727,14.963888621882104,5.852937197241512,3.3517867153886893,6.853916818854454,22.947651709146694,2.4275713726882726,19.277694846387565,36.0,11,43,127,6.853916818854454,127,Chemical Mfg,9.941999529944352,38
42,Well,"WRIGHTSVILLE BEACH, TOWN OF well",1708.0,34.2215,-77.8213,9.022917870600496,12.109235095072812,5.456827972062734,5.456827972062734,4.771324571842568,4.48980030736707,1.4758924749214755,26.579010123393513,115.95781818716898,5.456827972062734,1.9217204314013727,4.74757423017467,10.476732897543018,9.914945822729262,27.023086280004392,3.920383036435244,2.7107919674759784,7.0,17,22,101,9.914945822729262,101,Waste Management,5.099124942906749,20
43,Waterways,ECF3,1577.31,34.851235,-78.812756,4.975704471095773,10.91313699790316,2.447167180592693,2.447167180592693,8.446366109946094,2.806964287285988,2.5934575573454572,43.75578625258212,2.5934575573454572,2.447167180592693,15.292667445534079,5.852937197241512,3.3517867153886893,6.853916818854454,27.448335306092137,2.5369903830101737,14.808309978241043,35.0,13,43,135,6.853916818854454,135,Chemical Mfg,9.941999529944352,38
44,Waterways,Mines Creek,1564.86,34.8143,-78.83299,8.44172559598313,7.299612961759573,2.0560271013876483,2.0560271013876483,5.9551217062572,2.5281175307998858,3.114462004564266,45.65394535778134,3.114462004564266,2.0560271013876483,15.126642337184544,5.852937197241512,3.3517867153886893,6.853916818854454,23.119149971369296,2.547108800164685,19.19108325505151,35.0,11,43,127,6.853916818854454,127,Chemical Mfg,9.941999529944352,38
45,Waterways,ECF3,1518.71,34.851255,-78.812674,4.9775203310514,10.92045461357706,2.4522372853650576,2.4522372853650576,8.454117161847226,2.8143612820257853,2.6012050539487896,43.75932400695579,2.6012050539487896,2.4522372853650576,15.299416356649044,5.852937197241512,3.3517867153886893,6.853916818854454,27.454760872080286,2.5447881543715094,14.804935829913486,36.0,13,43,135,6.853916818854454,135,Chemical Mfg,9.941999529944352,38
46,Well,Willis Creek,1213.49,34.85856,-78.84861,3.583116911796526,9.169547140330678,1.6030939876513022,1.6030939876513022,6.118395852663671,2.6226271954377514,2.057458190600286,40.952833681793386,2.057458190600286,1.6030939876513022,11.921328630219127,5.852937197241512,3.3517867153886893,4.742372349441836,26.21045349738999,1.8672603737912026,14.828383094647636,36.0,11,46,128,4.742372349441836,128,Chemical Mfg,9.941999529944352,38
47,Waterways,ECF4,1157.33,34.875713,-78.807885,3.3324364668149205,11.303584293446587,4.700323328797788,4.700323328797788,10.201478619348773,5.13157168801444,4.700323328797788,42.144452742836656,4.700323328797788,4.700323328797788,15.332167498348706,5.852937197241512,0.8092228224450109,5.852937197241512,29.681533262708097,4.551107350637666,12.05045809456175,33.0,14,45,139,5.852937197241512,139,Chemical Mfg,9.941999529944352,38
48,Military Site,Stanly County Airport,985.0,35.4145,-80.1511,0.6196423489247225,12.213412893619735,5.523516841089566,5.523516841089566,13.204877706303533,42.4538660757244,2.9780771031862336,42.564986445970106,75.40995150438833,5.523516841089566,8.556709334504385,10.664749139769933,13.602783652829572,18.487751496188892,38.03362535384974,3.2151043209605024,3.9984008687693957,160.0,42,39,169,18.487751496188892,169,Mining and Refining,16.28496740810908,7
49,Waterways,ECF4,965.69,34.875708,-78.807792,3.3401605611850855,11.308222010044936,4.7049763904183575,4.7049763904183575,10.207967400451876,5.135633536908092,4.7049763904183575,42.150987961473064,4.7049763904183575,4.7049763904183575,15.340669227871672,5.852937197241512,0.8092228224450109,5.852937197241512,29.685276704757744,4.555973215224882,12.049678863442765,33.0,14,45,139,5.852937197241512,139,Chemical Mfg,9.941999529944352,38
50,Waterways,ECF2,895.18,34.832281,-78.811858,6.912628437335211,9.865717785089261,1.0805859811803473,1.0805859811803473,7.933669040722633,2.4252630074354977,2.6814571649406793,45.36239436266696,2.6814571649406793,1.0805859811803473,15.997841715794953,5.852937197241512,3.3517867153886893,6.853916818854454,25.89534471736395,2.785928385112291,16.88167384645892,26.0,12,43,133,6.853916818854454,133,Chemical Mfg,9.941999529944352,38
51,Drinking Water,Pittsboro,845.0,35.7201463,-79.1772371,17.074877060478983,8.164904147542504,6.644900984853489,6.644900984853489,11.878229839363373,62.87408901538749,5.578357739358694,39.578777314432045,35.28926215838565,6.644900984853489,25.992958446147355,15.101641824793523,19.84177590587248,8.748179190949427,37.825324641666505,0.3403492102651153,0.7525604357546596,129.0,51,55,180,8.748179190949427,180,Waste Management,19.99338430594875,13
52,Drinking Water,TOWN OF PITTSBORO NC,844.8,35.72015,-79.17724,17.075359579960036,8.164521454977058,6.645343962966197,6.645343962966197,11.87868276307618,62.874551430838395,5.578330795885255,39.5788442536411,35.28921148249054,6.645343962966197,25.993347956142976,15.101641824793523,19.84177590587248,8.748179190949427,37.82512815081225,0.3398747200855289,0.7522344429464297,129.0,51,55,180,8.748179190949427,180,Waste Management,19.99338430594875,13
53,Well,Kirks Mill Creek,823.44,34.85734,-78.85188,3.789888477140959,8.884569781655225,1.3918637247408034,1.3918637247408034,5.8084379846890775,2.628609624037256,2.0909845941121508,40.860771565887674,2.0909845941121508,1.3918637247408034,11.664598046677893,5.852937197241512,3.3517867153886893,4.742372349441836,25.93754799476869,1.915594509708348,14.852213416475978,38.0,11,44,128,4.742372349441836,128,Chemical Mfg,9.941999529944352,38
54,Waterways,Willis Creek,759.93,34.855962,-78.834184,3.8218609283397025,9.797040719982629,1.619366586403501,1.619366586403501,6.974347772701831,2.170718182765186,1.619366586403501,42.04180504248573,1.619366586403501,1.619366586403501,13.268712737157733,5.852937197241512,3.3517867153886893,5.852937197241512,26.695917018932658,1.4296534314897897,14.735561113581612,33.0,11,44,129,5.852937197241512,129,Chemical Mfg,9.941999529944352,38
55,Drinking Water,Cape Fear Public Utility Authority - Wilmington,634.0,34.24151153,-77.94636656,5.309815172861372,6.508075598544016,0.7282081377835538,0.7282081377835538,3.8338754934538937,7.734794434995228,1.8922183520718319,24.95011548363162,105.53781081122114,0.7282081377835538,0.526539358570084,4.607878324551196,6.394159301787854,3.40557103169427,17.82156091400493,0.3493244493013696,0.06136724858373219,15.0,18,23,101,3.40557103169427,101,Cement Mfg,3.403302394897573,20
56,Drinking Water,City of Cherryville,607.0,35.38102512,-81.38095355,22.844911372757,5.137507687385598,4.810066192598152,4.810066192598152,27.978590549370026,33.69443168229162,0.7337615086941389,44.870643918990844,149.3348455406158,4.810066192598152,17.431197916457347,28.251252661239764,24.71597136956839,28.514486210486645,40.12653941685892,0.7270998486594411,2.1883648395494775,295.0,126,62,386,28.514486210486645,386,Metal Coating,11.269283117589934,18
57,Waterways,ECF2,557.16,34.832272,-78.811773,6.9164417270192375,9.872191322580706,1.088168990132107,1.088168990132107,7.941175247831409,2.4330635742676776,2.6889711402105183,45.3683063180826,2.6889711402105183,1.088168990132107,16.005446238720516,5.852937197241512,3.3517867153886893,6.853916818854454,25.899783153592598,2.7932873166020133,16.881632104960637,26.0,12,43,133,6.853916818854454,133,Chemical Mfg,9.941999529944352,38
58,Drinking Water,Pender County Utilities,426.0,34.5512534,-77.9186064,20.187404907958598,6.349436708324848,19.91377985455968,19.91377985455968,14.730712202246703,34.60928496641698,14.031375592425249,47.00332936352356,90.1197675054229,19.91377985455968,29.50487963955128,14.765169324417947,11.8644989677444,10.516850712459933,41.45923827189075,1.1545071258803092,0.5579149114414893,14.0,17,23,109,10.516850712459933,109,Metal Coating,8.847474700175699,21
59,Waterways,Willis Creek,425.59,34.858392,-78.848121,3.591880425241947,9.181156563242842,1.6017984709431066,1.6017984709431066,6.138512052064908,2.588872657749964,2.0214780191149653,40.996202933504605,2.0214780191149653,1.6017984709431066,11.969076454042732,5.852937197241512,3.3517867153886893,4.742372349441836,26.21839968787327,1.8300860248275903,14.861799274941568,32.0,11,46,128,4.742372349441836,128,Chemical Mfg,9.941999529944352,38
60,Well,PENDER COUNTY UTILITIES: LCFWSA,425.52,34.5567,-77.9041,20.16661977455386,7.733715064059961,19.839048190144354,19.839048190144354,16.00065420132081,35.03751452946175,14.039725430643482,45.574167179623466,91.1438683567678,19.839048190144354,30.173667078261513,14.765169324417947,11.8644989677444,10.516850712459933,40.99765329482209,0.9085356612840362,0.9031323994947787,15.0,17,23,109,10.516850712459933,109,Metal Coating,8.847474700175699,21
61,Drinking Water,PENDER COUNTY UTILITIES NC,425.5,34.55125,-77.91861,20.187634877151726,6.349081554290215,19.914026353624156,19.914026353624156,14.730213836050366,34.60896050877771,14.03118976916633,47.00373510952609,90.11959747064402,19.914026353624156,29.504493090632696,14.765169324417947,11.8644989677444,10.516850712459933,41.45958539530108,1.1548913593454375,0.5583811262523304,14.0,17,23,109,10.516850712459933,109,Metal Coating,8.847474700175699,21
62,Drinking Water,Bladen Bluffs Water System,425.0,34.5882404,-78.5660852,1.825412282880865,3.121669776708702,4.0771724179124655,4.0771724179124655,16.774630937742703,37.15303904499848,6.738762343461381,80.57833561020867,37.64160185600349,4.0771724179124655,37.64499075699077,15.552560997775146,15.589189992633843,16.058307187130527,38.892298074941124,4.965496875413408,6.474605607254862,24.0,12,21,102,16.058307187130527,102,Petroleum,8.976337252187193,5
63,Drinking Water,BLADEN BLUFFS WATER SYSTEM NC,423.5,34.58824,-78.56609,1.825137607099407,3.12143230362086,4.076872292184773,4.076872292184773,16.774852581712405,37.15277877935362,6.738491569010017,80.57808277442516,37.641344698406456,4.076872292184773,37.64455533893108,15.552560997775146,15.589189992633843,16.058307187130527,38.89252350822224,4.965141496973458,6.474172901842105,24.0,12,21,102,16.058307187130527,102,Petroleum,8.976337252187193,5
64,Drinking Water,BLADEN BLUFFS WATER SYSTEM: CAPE FEAR RIVER,423.4891,34.75672939,-78.79532611,15.369858848757918,11.045896448189042,1.504221884777439,1.504221884777439,5.95605193668005,9.702153445713654,10.268801748445712,52.825487047902605,10.268801748445712,1.504221884777439,21.67598059137385,5.852937197241512,3.3517867153886893,7.351486998538428,21.723186772826836,9.723652855971382,18.609396863746625,33.0,11,40,116,7.351486998538428,116,Chemical Mfg,9.941999529944352,38
65,Well,BLADEN BLUFFS WATER SYSTEM: CAPE FEAR RIVER,423.48,34.6236,-78.5482,3.9186304541091914,3.867195442587667,4.85428242917236,4.85428242917236,12.518341834262657,35.52712269533568,6.354542927763832,78.75679674374094,35.97802766349472,4.85428242917236,39.2215541268105,15.552560997775146,15.589189992633843,16.058307187130527,41.24342168122449,5.121248170963315,8.944535622218087,13.0,14,24,119,16.058307187130527,119,Petroleum,8.976337252187193,5
66,Well,CFPUA-WILMINGTON: LOWER CAPE FEAR WSA - KINGS BLUFF,406.02,34.4107,-78.316,28.413558784158234,12.251823107801982,10.510884759792656,10.510884759792656,11.643612874862885,45.6264283791812,14.25260208966154,53.83211794497306,67.72879312561578,10.510884759792656,38.309548326173825,5.868147729989985,6.137069752647064,3.224582169117832,11.562892359124964,13.983283218370564,11.405332212044666,11.0,19,22,115,3.224582169117832,115,Chemical Mfg,8.847474700175699,18
67,Drinking Water,CFPUA-WILMINGTON NC,406.0,34.24043,-77.86741,4.4477705423520195,9.542596284648745,1.1647217916168324,1.1647217916168324,8.964665454726289,0.5838798326690647,1.1647217916168324,26.55744336971514,111.30556098564828,1.1647217916168324,3.8276623449712392,9.914945822729262,12.64150443931346,9.914945822729262,23.92049830492115,0.28783558035481127,0.2472955165215229,12.0,18,23,101,9.914945822729262,101,Glass Products,6.812447600698209,20
68,Well,Kirks Mill Creek,395.82,34.85734,-78.85188,3.789888477140959,8.884569781655225,1.3918637247408034,1.3918637247408034,5.8084379846890775,2.628609624037256,2.0909845941121508,40.860771565887674,2.0909845941121508,1.3918637247408034,11.664598046677893,5.852937197241512,3.3517867153886893,4.742372349441836,25.93754799476869,1.915594509708348,14.852213416475978,38.0,11,44,128,4.742372349441836,128,Chemical Mfg,9.941999529944352,38
69,Drinking Water,BRUNSWICK COUNTY WATER SYSTEM NC,395.4,33.95928,-78.08303,3.4705669975694486,0.439808360963408,5.5641264975367974,5.5641264975367974,15.748546474166885,37.57660514276537,7.712002626414686,12.060898145485051,120.16587706030252,5.5641264975367974,29.78746561182884,22.881916353230448,15.309396717705052,20.43560109787602,3.33950337071571,3.164325458762394,5.725117287663503,10.0,15,22,92,20.43560109787602,92,Chemical Mfg,6.631594614524832,20
70,Drinking Water,每Brunswick County Water System,395.0,33.99806451,-78.00899844,9.430305609509634,3.740847725009424,5.926842234847092,5.926842234847092,23.59269141365873,30.45104495358684,5.926842234847092,3.987994397948038,120.8192485360657,5.926842234847092,22.09981496911622,22.881916353230448,22.646695552503502,22.881916353230448,8.548374897224306,6.394559289445804,3.9090383517960756,21.0,16,22,100,22.881916353230448,100,Chemical Mfg,6.631594614524832,20
71,Well,TOWN OF MAYSVILLE  : Well,334.4,34.9029,-77.23,14.394832225691315,3.3725553351923048,20.90072951244957,20.90072951244957,2.54808402453763,29.270759985711162,0.5366072104824178,31.482443728968402,146.9216444405879,20.90072951244957,18.55100954649523,2.1493900708762363,5.916887205582877,18.432441011077003,29.485578837226743,18.678381229176637,6.77738269451686,16.0,11,37,53,18.432441011077003,53,Metal Coating,6.208158241366598,4
72,Drinking Water,Corning Inc,315.0,34.30057893,-77.8766128,4.022227973749367,3.0350461333587178,0.8528303662037701,0.8528303662037701,13.008700496267224,6.482847813965724,5.576836721149187,32.62953465402991,106.69665396613536,0.8528303662037701,4.90449586036705,9.914945822729262,12.64150443931346,13.836193859122016,26.940749299141633,1.2260921157272389,3.838217835203938,9.0,17,22,102,13.836193859122016,102,Glass Products,8.847474700175699,20
73,Well,INTERNATIONAL PAPER COMPANY: CAPE FEAR RIVER,299.0,34.6131,-78.6079,2.9397154506206054,0.8472660827066475,0.7717279380262914,0.7717279380262914,16.49472032650418,32.5550627906268,2.26874679814426,75.99455487487637,33.05351074981698,0.7717279380262914,33.734102287589636,15.552560997775146,17.310932914706413,16.058307187130527,36.32026785502132,0.5035020547074615,4.866988234809871,40.0,12,25,104,16.058307187130527,104,Petroleum,8.976337252187193,5
74,Well,CFPUA-WILMINGTON: CAPE FEAR RIVER KINGS BLUFF,281.42,34.3926,-78.2882,31.341788375182663,9.008940634143585,7.346598753720841,7.346598753720841,8.859068753510941,42.48642898580586,11.009621285227892,50.71352461129413,70.95503686384309,7.346598753720841,35.21820670793903,5.868147729989985,6.137069752647064,3.224582169117832,9.847139764853777,10.740454203164685,8.17026877799892,10.0,20,23,112,3.224582169117832,112,Chemical Mfg,8.847474700175699,20
75,Drinking Water,CFPUA-WILMINGTON,279.1,34.24043,-77.86741,4.4477705423520195,9.542596284648745,1.1647217916168324,1.1647217916168324,8.964665454726289,0.5838798326690647,1.1647217916168324,26.55744336971514,111.30556098564828,1.1647217916168324,3.8276623449712392,9.914945822729262,12.64150443931346,9.914945822729262,23.92049830492115,0.28783558035481127,0.2472955165215229,12.0,18,23,101,9.914945822729262,101,Glass Products,6.812447600698209,20
76,Drinking Water,Harnett County,218.0,35.3578648,-78.8835548,14.13915072082878,12.517468180075008,20.786234476831904,20.786234476831904,15.24025174517945,23.73006724206199,7.759993704923266,34.1546355218092,57.516955322457996,20.786234476831904,24.052744611060785,7.489713507573393,3.0374518382394258,23.533042862822487,13.860217596136009,7.61207967487016,7.381945508677033,52.0,21,62,133,23.533042862822487,133,Textiles and Leather,25.25580108910133,37
77,Drinking Water,HARNETT REGIONAL WATER NC,217.5,35.41462,-78.81106,8.294756112913237,4.851909717348179,13.29212652826482,13.29212652826482,6.687068361822486,32.55027805216992,1.1648564263277215,43.26049324745329,53.960682354214114,13.29212652826482,20.668376181191608,7.546937457666998,3.0374518382394258,10.063850878340174,17.262453104379663,1.8706537551869722,1.4640360681536817,49.0,38,72,159,10.063850878340174,159,Plastics and Resins,16.75721096266764,42
78,Drinking Water,CFPUA/NHC NC,207.8,34.24043,-77.86741,4.4477705423520195,9.542596284648745,1.1647217916168324,1.1647217916168324,8.964665454726289,0.5838798326690647,1.1647217916168324,26.55744336971514,111.30556098564828,1.1647217916168324,3.8276623449712392,9.914945822729262,12.64150443931346,9.914945822729262,23.92049830492115,0.28783558035481127,0.2472955165215229,12.0,18,23,101,9.914945822729262,101,Glass Products,6.812447600698209,20
79,Well,CFPUA/NHC: WELL B - CASTLE HAYNE,207.8,34.2955,-77.8089,8.837216373379045,8.506827475153571,5.575212246362633,5.575212246362633,12.589872211798351,7.581161880884045,7.419782492652093,34.33862226513715,112.17755093535357,5.575212246362633,4.998691099233409,9.914945822729262,12.64150443931346,13.836193859122016,31.626464329971014,1.4007008781720705,1.0454814631776577,20.0,16,21,101,13.836193859122016,101,Glass Products,8.757402524572488,21
80,Drinking Water,FAYETTEVILLE PUBLIC WORKS COMM,191.9,35.03362,-78.87073,4.923248254708933,1.0018710099583739,0.7591928295925326,0.7591928295925326,8.205783446703208,6.367267607410163,0.7649111451464247,27.355320170095602,21.51606274574088,0.7591928295925326,2.818520593317667,8.850758945658203,7.284616424436324,7.875012342900551,11.350509430500075,0.10774481808841525,0.768908985949973,36.0,15,48,118,7.875012342900551,118,Metal Coating,10.999439216080305,39
81,Drinking Water,Bradley Creek Boataminium,188.0,34.21419482,-77.83399695,8.678399819940333,10.725609580133003,5.185224380869833,5.185224380869833,4.735127395329233,4.167194971154149,0.053919722987968356,25.27988251327784,115.51724178640765,5.185224380869833,0.5577961332701952,4.74757423017467,10.476732897543018,9.914945822729262,25.659756239020822,2.6431679342365006,3.553620579374138,13.0,18,23,101,9.914945822729262,101,Waste Management,5.099124942906749,20
82,Drinking Water,HARRIS NUCLEAR PLANT WATER SYSTEM,172.5,35.63287,-78.95422,14.431045693537973,0.49729582685219537,4.38382827652793,4.38382827652793,9.491704464212214,51.578598762368074,13.737120000922102,30.56776563650474,31.342984551532563,4.38382827652793,11.267466281350453,10.137061690184263,9.850822058533142,5.602244233872109,41.134877136926576,1.2022489993842853,8.335716404285723,89.0,49,76,171,5.602244233872109,171,Waste Management,19.59655503624823,14
83,Waterways,NH-558 NR WILMINGTON  NC CASTLE HAYNE,158.1,34.29945,-77.80233,9.552247268576865,8.933028058961098,6.114134011629009,6.114134011629009,13.002263795289975,8.308394066979325,8.162549890711407,35.00073778048908,112.4456039227253,6.114134011629009,5.056489423698293,9.914945822729262,12.64150443931346,13.836193859122016,32.37132498956157,2.146270274434605,0.9417953492490874,18.0,16,19,101,13.836193859122016,101,Glass Products,8.757402524572488,21
84,Well,BLADEN CO WTR DIST-WEST BLADEN: WELL #8,154.168,34.6347,-78.7982,9.56442116493769,17.352553011695104,9.849382317040222,9.849382317040222,17.02645228211311,22.74981309546425,16.592311836831932,64.06834004937434,23.336359858455396,9.849382317040222,16.539178935588335,15.552560997775146,17.310932914706413,18.551700743852393,18.742860509406455,15.18006748442926,11.096057251456571,41.0,14,35,88,18.551700743852393,88,Petroleum,8.976337252187193,7
85,Drinking Water,College View Mobile Home Park,152.0,35.73288671,-79.093812,17.009417091832063,9.569670406307527,10.395787838739757,10.395787838739757,7.350145980045292,62.90298580051108,13.071086112535403,32.19310679612317,28.730693181832514,10.395787838739757,23.894183318105817,15.101641824793523,4.78643826385484,8.748179190949427,32.917249848718285,1.7071067159958633,1.5905002523782281,135.0,56,61,190,8.748179190949427,190,Waste Management,18.4847791825071,13
86,Drinking Water,每College View Mobile Home Park,152.0,35.99306377,-77.93688996,15.386618804301035,9.150604455591491,2.698311175708132,2.698311175708132,11.533021994256233,132.79840876285098,5.055254973464423,71.69939856937135,82.03505546866701,2.698311175708132,13.599635760839188,12.101438803964458,20.57428549598674,9.74781435544107,9.427849443190437,2.663283628949505,8.514125895828291,42.0,13,28,76,9.74781435544107,76,Electronics Industry,9.927706004336079,2
87,Military Site,Cherry Point Marine Corps Air Station,151.0,34.8859,-76.9051,2.774660799527401,3.951952837697969,1.6559407358359826,1.6559407358359826,13.823125451503117,0.5697601925561054,7.537156435455082,3.2825476429023914,176.48966993641588,1.6559407358359826,12.55617888279386,21.312689917036796,17.097714687753037,13.836401851581197,3.030680741011218,0.6942043879266412,5.742942867048957,9.0,9,31,53,13.836401851581197,53,Waste Management,11.829906585308741,3
88,Military Site,Military Ocean Terminal Sunny Point,150.0,33.9913,-78.0667,6.823040359076436,3.891675350918129,6.738692112457927,6.738692112457927,18.39964342627429,33.77321757682709,7.92727888579104,9.1222939712188,118.15986252499793,6.738692112457927,26.175784116177066,22.881916353230448,19.507593960780703,20.43560109787602,6.804541309172693,4.6689983974866704,2.4028021740295142,20.0,16,22,100,20.43560109787602,100,Chemical Mfg,6.631594614524832,20
89,Drinking Water,Robeson County,150.0,34.62618241,-79.22126924,14.86682500590901,11.360918086198573,13.51107059609132,13.51107059609132,9.715500735929142,42.134177720273506,20.114511025793824,50.81326442218677,42.3896060267687,13.51107059609132,19.29148013041405,10.396627682309417,2.192801456904767,2.277276484951624,19.85803206830168,8.086377495328543,6.607663803902817,51.0,12,23,71,2.277276484951624,71,Textiles and Leather,4.133644360713712,5
90,Drinking Water,BLADEN CO WTR DIST-WEST BLADEN NC,144.5,34.53779,-78.7958,1.984313839545284,16.078114189930417,3.5320991382626588,3.5320991382626588,15.257858003883987,33.45684325149765,18.47651375199354,73.74156552235789,34.04326144346236,3.5320991382626588,18.404463635190087,8.917514760814914,14.667262811686605,18.551700743852393,20.389867641597228,17.622980622043467,1.204938906814477,31.0,12,22,71,18.551700743852393,71,Textiles and Leather,8.976337252187193,4
91,Well,JOHNSTON CO-WEST: NEUSE RIVER,134.1,35.6156,-78.3471,9.2584651280864,8.483351113257342,5.169381035024937,5.169381035024937,20.49131877566014,77.24311863043013,7.8981584144217285,45.3841445012447,54.58689537467417,5.169381035024937,9.745160814647198,22.34157698799981,22.5502265323933,24.974407650663753,56.17700731453412,4.321358625391581,5.05661968948226,32.0,40,61,117,24.974407650663753,117,Petroleum,27.487277703400704,12
92,Drinking Water,Willow Woods Arbor,132.0,34.20409131,-77.85812168,8.278314498993145,8.47584199312213,5.2908700551154615,5.2908700551154615,5.895434567424276,4.398205432153134,2.4328116304870337,23.224782260254116,114.46110356615293,5.2908700551154615,1.985638572159806,4.74757423017467,10.476732897543018,9.914945822729262,23.20704338941886,1.0678601738191227,2.961462824810287,14.0,18,23,101,9.914945822729262,101,Waste Management,5.099124942906749,20
93,Drinking Water,每City of Greensboro,124.0,36.0726354,-79.7919754,10.85041558371616,6.764657491465476,2.6491647025447076,2.6491647025447076,15.135917357114925,13.05209852667568,2.8278544453290038,34.63394463604892,15.55670744553833,2.6491647025447076,3.2151473657630576,15.40437716333021,9.053158280699387,17.35737444279196,33.48979338457979,0.81103815617223,0.4026280746085907,274.0,103,123,388,17.35737444279196,388,Chemical Mfg,17.587149304693668,6
94,Well,ORANGE WATER & SEWER AUTHORITY: CANE CREEK RESERVOIR,119.02,35.9635,-79.2203,13.00266914170531,7.550026850013399,7.190665736320171,7.190665736320171,19.09402795171558,65.69042270287737,5.558599029723574,22.545301538346177,31.931790239756623,7.190665736320171,16.332702280937234,14.378430683320166,16.489421073355924,12.565843261747274,25.28305026560773,12.472604760111341,13.005790899767016,156.0,58,58,187,12.565843261747274,187,Metal Machinery Mfg,9.40953614869583,10
95,Drinking Water,"Graham, NC",118.0,36.0679144,-79.4003887,6.566863234866416,7.68233597028431,2.331477061668753,2.331477061668753,4.927214473793439,47.469106928968856,1.7941507632062321,3.41835142403416,50.556935614775725,2.331477061668753,6.19046276160285,4.59906598508392,7.928024329032297,2.5981889760690384,41.71620789318981,0.41159995804073896,0.46267850603752003,191.0,76,62,219,2.5981889760690384,219,Chemical Mfg,6.968119951247847,9
96,Drinking Water,Moore County Public Util. - Pinehurst,118.0,35.30748329,-79.41511793,7.842596502793068,2.9389086217369966,13.340225856364638,13.340225856364638,12.182362449234882,39.75205197852443,19.94058379566939,31.133093776365506,73.69363091812143,13.340225856364638,13.398401406843647,24.832016534998168,14.139490559025827,25.479756318278056,48.464106139009,0.289447692719231,12.784822485382858,149.0,16,31,85,25.479756318278056,85,Paper Mills and Products,24.68143461336362,39
97,Well,FAYETTEVILLE PUBLIC WORKS COMM: CAPE FEAR RIVER,112.0,34.6239,-78.5491,3.8806211104378914,3.8044234378324706,4.783416292066131,4.783416292066131,12.523142787861119,35.4435676498698,6.268164959754176,78.67594420375717,35.894794626984265,4.783416292066131,39.14045810927275,15.552560997775146,15.589189992633843,16.058307187130527,41.31481764332243,5.036081556219538,8.85605869410866,15.0,14,24,119,16.058307187130527,119,Petroleum,8.976337252187193,5
98,Well,CHATHAM COUNTY : JORDAN LAKE,111.9,35.7421,-79.0253,19.246667447759965,6.642871315679321,11.181434434482279,11.181434434482279,2.016962502095493,63.486594865736286,10.22386886847046,26.31934266289656,23.952252209453118,11.181434434482279,19.11261479713683,9.642455453454124,4.78643826385484,5.602244233872109,29.900028498124772,6.053283721554759,5.913786468557832,72.0,52,66,190,5.602244233872109,190,Chemical Mfg,19.59655503624823,14
99,Drinking Water,TOWN OF CARY NC,110.6,35.79154,-78.78112,9.868822059674299,0.8020590085130537,1.1429213033322656,1.1429213033322656,9.412976004563909,72.02701534350872,6.722301910041433,8.4570781989028,13.13429888265562,1.1429213033322656,5.898400155340724,14.119531647687108,10.214912501129119,8.288891485768152,27.664030117561545,0.6945968519761619,0.8171792949468722,156.0,57,81,186,8.288891485768152,186,Electronics Industry,7.018822456519241,14
100,Drinking Water,BLADEN CO WTR DIST-EAST BLADEN NC,107.4,34.53411,-78.78699,1.8793048129928218,16.934629702017077,4.4355577186890995,4.4355577186890995,14.410594818868576,33.96433355599195,19.008135412506608,74.45963420757447,34.5509598248921,4.4355577186890995,19.309173362940758,15.552560997775146,14.667262811686605,18.551700743852393,21.283697312146153,18.00050645907116,0.41557039311340094,34.0,12,22,71,18.551700743852393,71,Petroleum,8.976337252187193,4
101,Well,BLADEN CO WTR DIST-EAST BLADEN,107.342,34.7787,-78.7124,16.99395093751861,17.951649153497012,9.278103398616,9.278103398616,2.160369652408758,13.145995958984244,13.51125180566438,55.92297015761495,13.51125180566438,9.278103398616,26.520549571123453,5.852937197241512,3.3517867153886893,7.351486998538428,29.55212229665225,13.63434019589251,16.02044018776276,36.0,12,36,129,7.351486998538428,129,Chemical Mfg,15.395403358898497,36
102,Drinking Water,Harris Nuclear Plant Water System,106.0,35.6328719,-78.9542169,14.431387564672518,0.497216648893478,4.384040969420074,4.384040969420074,9.492001579016227,51.578836742015966,13.737458299211369,30.567439486883213,31.342693502208533,4.384040969420074,11.26713333183062,10.137061690184263,9.850822058533142,5.602244233872109,41.134659367253676,1.2019462071999396,8.336026789097547,89.0,49,76,171,5.602244233872109,171,Waste Management,19.59655503624823,14
103,Drinking Water,AURORA WATER SYSTEM NC,104.3,35.75957,-79.0193,20.576708356477074,4.786770188379618,13.011450843079738,13.011450843079738,0.00034576552666157405,65.4198066062616,9.64245549892925,24.86608723262266,22.069032480558857,13.011450843079738,18.485117550225198,9.642455453454124,4.78643826385484,5.602244233872109,27.883986973300722,6.677893633863183,6.581482020678654,75.0,59,65,193,5.602244233872109,193,Chemical Mfg,18.4847791825071,14
104,Drinking Water,每Aurora Water System,104.0,34.99572961,-78.10220393,11.141425623348145,18.750118653372954,4.130911509928593,4.130911509928593,12.486320071996825,63.75460615388363,17.50892219208193,41.10956784490963,69.3036052428077,4.130911509928593,34.175048008089846,5.916419065815241,17.465590924804793,8.56240080456117,14.266324063135581,1.9014062796198987,7.437108277847506,43.0,3,15,60,8.56240080456117,60,Chemical Mfg,25.130372221792822,3
105,Waterways,CLEAR CREEK AT SR3181 NR MINT HILL  NC,103.0,35.20833,-80.58,9.86382382747899,2.163721259959169,5.204525338807254,5.204525338807254,7.320162322900466,32.09221946825791,13.35825030600663,31.780756371489733,111.30613151035827,5.204525338807254,7.05144047589843,12.420482481080427,5.34942689488681,9.475930288939448,33.23700441379019,4.230039246151688,7.037380783048225,170.0,147,91,379,9.475930288939448,379,Printing,8.019172421817379,27
106,Well,HARRIS NUCLEAR PLANT WATER SYSTEM: HARRIS LAKE,101.0,35.6341,-78.9416,15.532332881444685,0.8855345207210333,5.462728014598146,5.462728014598146,10.63980401000629,51.83985512736501,13.44733601281346,29.87142820661739,30.859187230724764,5.462728014598146,10.145646151510043,9.642455453454124,9.850822058533142,5.602244233872109,40.98714762036921,0.05366390554656643,8.147785062847722,95.0,49,77,171,5.602244233872109,171,Chemical Mfg,19.59655503624823,14
107,Drinking Water,CITY OF GREENSBORO  NC,100.8,36.07264,-79.79198,10.849877775926501,6.764692243443823,2.6496846841173776,2.6496846841173776,15.135729614716707,13.051512659115488,2.8276856433957094,34.6343138627261,15.556282653517233,2.6496846841173776,3.2157209519687155,15.40437716333021,9.053158280699387,17.35737444279196,33.489141006829215,0.8115785428849981,0.4020932349041875,274.0,103,123,388,17.35737444279196,388,Chemical Mfg,17.587149304693668,6
108,Waterways,Yadkin River,98.1,36.21492,-80.96029,8.269074711714437,2.7704254177340495,3.568782020354182,3.568782020354182,13.029294664341649,31.617167159803255,16.777342685646083,74.33176663826328,90.69835371655981,3.568782020354182,17.044773455106565,2.5104098220267064,14.796915853150578,14.982898830540492,53.41804107144771,6.3874023251809655,2.1223914696298545,278.0,12,23,75,14.982898830540492,75,Glass Products,2.32280162568911,5
109,Well,"CARY, TOWN OF : JORDAN LAKE",95.62,35.8223,-78.982,15.301757593584101,4.906935371542436,11.102530930932671,11.102530930932671,7.743896433105886,72.43582645666726,9.940075333558735,19.079962590673443,14.571117691207919,11.102530930932671,10.917449975161995,9.642455453454124,4.78643826385484,17.378420028018446,20.357094311224362,7.343615420639238,7.910741298493052,72.0,64,67,198,17.378420028018446,198,Chemical Mfg,18.4847791825071,14
110,Drinking Water,ORANGE WATER & SEWER AUTHORITY NC,91.4,35.90846,-79.08059,3.634415096955874,6.467144152837997,2.988563341594111,2.988563341594111,17.453108040840657,79.49255621093945,16.220546836526875,27.65293290842434,18.964109817998935,2.988563341594111,10.792344985013028,18.644752483948793,15.494187568888549,16.894434024843537,16.18767790783762,0.10617305517041911,0.9577807904186123,146.0,66,62,214,16.894434024843537,214,Chemical Mfg,18.4847791825071,14
111,Drinking Water,LINCOLN COUNTY WTP: LAKE NORMAN,90.2,35.53161403,-80.9897951,11.913469364096185,7.029432853763055,1.1707783079468015,1.1707783079468015,20.30510791265743,11.623026845501336,7.793059011338911,35.50217744966604,110.45314660405214,1.1707783079468015,11.934620015793321,12.73439142583668,20.072835216942448,19.348629173208394,7.958686875002842,1.9228231244616172,6.181843430064465,233.0,164,108,534,19.348629173208394,534,Metal Coating,20.18474728387023,32
112,Waterways,BOLIN CREEK AT VILLAGE DRIVE AT CHAPEL HILL  NC,90.0,35.92231,-79.066,1.9997365376130483,5.130935684624128,2.1751215008395803,2.1751215008395803,18.578698571573373,80.30438099034501,14.677947909785516,26.664142113945875,17.63434679454769,2.1751215008395803,9.419920666066853,18.644752483948793,15.494187568888549,16.894434024843537,14.192723051825618,1.1036385553074024,1.2067764057515327,119.0,67,63,209,16.894434024843537,209,Chemical Mfg,18.4847791825071,15
113,Waterways,BRIAR CREEK NEAR CHARLOTTE  NC,90.0,35.23611,-80.77111,15.61368845960051,3.4155560585958753,3.0547516120817004,3.0547516120817004,16.011235473726796,17.435748404650695,2.9874089017168677,14.57491933686067,118.39969499858277,3.0547516120817004,4.85924413892869,14.62238432269807,14.785943718253202,17.99875685292079,18.23752972287501,1.7277713672590163,0.24763618452054734,206.0,155,93,445,17.99875685292079,445,Electronics Industry,20.315805237812466,29
114,Waterways,CAMPBELL CREEK NR CHARLOTTE  NC,90.0,35.18667,-80.73667,15.256640674353546,3.0600537564211088,8.23123212537256,8.23123212537256,15.601049368467232,17.797719542302005,4.562317701037999,17.84112490498174,120.9734353429523,8.23123212537256,6.811242446240103,12.420482481080427,14.785943718253202,19.88733901920849,23.906317001783048,0.8466980768176324,2.116902565635625,198.0,149,89,373,19.88733901920849,373,Printing,20.315805237812466,29
115,Waterways,ELLERBE CREEK NEAR GORMAN  NC,90.0,36.05931,-78.83251,20.302057903857197,1.9401342838445272,3.4966090599592996,3.4966090599592996,15.072582124191936,98.37347834231467,4.303719853871821,21.88376299689926,16.180575791906875,3.4966090599592996,9.309968058209531,14.340411790180793,17.003014164289542,13.888593177272115,11.80085607322559,2.3384873271370927,2.208013044246111,89.0,53,66,178,13.888593177272115,178,Waste Management,13.904180506015573,16
116,Waterways,ENO RIVER AT HILLSBOROUGH  NC,90.0,36.07111,-79.09556,14.75895194680063,1.4673757588280762,0.8689008572250108,0.8689008572250108,9.087905781737824,74.69806895707512,13.581802545374963,28.22209197761857,26.53799226011967,0.8689008572250108,0.4483584388219762,10.079207055340374,10.109573179345848,8.569931482686677,15.644879306043363,2.2496990269446253,1.491813493804147,164.0,55,53,178,8.569931482686677,178,Metal Machinery Mfg,9.40953614869583,9
117,Waterways,FLAT RIVER AT BAHAMA  NC,90.0,36.18278,-78.87889,14.11063129555753,10.999309455523536,7.63830720625014,7.63830720625014,14.951908793354598,94.15389639949099,10.014856372715679,36.21155631168337,29.559076420671136,7.63830720625014,20.067995676975425,13.05677849918753,18.5345161957721,20.16829387090868,20.84863508282118,8.837445374459344,7.704833286158288,126.0,48,55,210,20.16829387090868,210,Glass Products,12.056644007987718,12
118,Waterways,GOOSE CREEK AT SR1525 NR INDIAN TRAIL  NC,90.0,35.125,-80.60278,1.288454174963265,10.246146194819241,7.069311306603707,7.069311306603707,16.350322262762564,28.850642876985088,6.184966115358315,31.394540744776194,120.41008686965965,7.069311306603707,11.319609421557402,20.99046883964827,14.469475524860261,23.01201179476174,37.40042324275994,6.731480179416366,5.638159079490937,175.0,144,88,319,23.01201179476174,319,Metal Coating,8.019172421817379,25
119,Waterways,IRVINS CREEK AT SR3168 NR CHARLOTTE  NC,90.0,35.15861,-80.71333,12.008128129575098,1.7912184679459153,4.7166623063207975,4.7166623063207975,16.260086700524543,19.046789712703564,7.642781565324882,20.675866202708423,122.36420771017202,4.7166623063207975,8.242098872919685,12.420482481080427,14.469475524860261,19.88733901920849,26.921080663191304,1.882882289110763,0.41598000911153593,191.0,152,88,359,19.88733901920849,359,Printing,8.019172421817379,29
120,Waterways,LITTLE HOPE CR AT SENECA PLACE AT CHARLOTTE  NC,90.0,35.16444,-80.85306,9.385502996993624,5.304563324667139,2.6828343014532345,2.6828343014532345,16.428321209049138,7.1632268867385624,2.074400291610347,9.02855530064735,129.26277936293087,2.6828343014532345,3.511191050683201,16.64365313091166,11.327523517548238,13.83245651187397,14.23328942009383,1.3659983663602042,0.8821729054974743,188.0,159,92,417,13.83245651187397,417,Waste Management,19.725986676981943,29
121,Waterways,LTL SUGAR CR AT MEDICAL CENTER DR AT CHARLOTTE  NC,90.0,35.20361,-80.83694,9.390410791959983,3.559054313580908,3.2260965440048723,3.2260965440048723,18.79226451994066,10.927801723384487,2.8447652647685393,8.540578145142504,124.94168991096045,3.2260965440048723,2.0954612253335854,18.90967370944849,16.067407104750977,16.462785235801636,15.71229897961754,0.2978134206588329,0.43883479847314893,201.0,158,93,425,16.462785235801636,425,Textiles and Leather,17.496662605673194,30
122,Waterways,MARSH CREEK NEAR NEW HOPE  NC,90.0,35.81694,-78.59306,13.93036265654531,2.0094918946868088,2.2966910443321633,2.2966910443321633,7.82121855120757,81.12966929541557,1.923126786949447,17.57824546466783,24.131709460030365,2.2966910443321633,2.8121919293497335,6.768037455331601,6.027664690512204,5.613529726805756,37.72077441720077,0.6908568304865034,0.4163230215829233,69.0,52,73,163,5.613529726805756,163,Electronics Industry,5.170477334290996,14
123,Waterways,MCALPINE CREEK AT SR3150 NR IDLEWILD  NC,90.0,35.17583,-80.71917,13.284047787384546,1.7823954089480771,6.683163086719942,6.683163086719942,15.19562913634534,18.939858647704643,5.677470290492823,19.646958186030638,121.06553407360646,6.683163086719942,7.251907221686222,12.420482481080427,14.469475524860261,19.88733901920849,25.90185996865421,2.2647162531448983,1.129583464254004,202.0,148,88,368,19.88733901920849,368,Printing,8.019172421817379,29
124,Waterways,MCKEE CREEK AT SR2804 NR WILGROVE  NC,90.0,35.25389,-80.64806,15.795211861324955,1.00402425495749,7.093317560424273,7.093317560424273,4.778018123680685,28.266189479855253,7.643684536378849,25.921133058310037,110.25769971644647,7.093317560424273,4.216922268497108,12.420482481080427,5.71750894897556,8.458864665371975,25.378071107105495,3.957053044741608,0.853602948209695,188.0,152,93,420,8.458864665371975,420,Printing,8.019172421817379,31
125,Waterways,MCMULLEN CR AT SHARON VIEW RD NEAR CHARLOTTE  NC,90.0,35.14083,-80.82,13.345965157656835,7.347239429259119,6.053822503898571,6.053822503898571,19.377865496609715,9.162508638755808,2.77365531189146,13.018281767786792,129.532753876619,6.053822503898571,3.061327517537047,16.64365313091166,13.592500092188134,14.092381642865975,17.72185575068961,1.4173988289498443,1.4692756660642778,186.0,157,90,394,14.092381642865975,394,Waste Management,17.59961681546777,28
126,Waterways,MIDDLE CREEK NEAR CLAYTON  NC,90.0,35.57083,-78.59056,11.30533499725834,13.545280768610098,14.59245524522657,14.59245524522657,20.80959729137152,58.507008253529236,14.59245524522657,37.07215984777142,42.94369105902162,14.59245524522657,21.604564947460137,10.063850878340174,20.0223120459792,10.063850878340174,38.87732339774918,5.267988153203479,11.58371680931441,77.0,48,62,123,10.063850878340174,123,Chemical Mfg,27.487277703400704,9
127,Waterways,MORGAN CREEK NEAR CHAPEL HILL  NC,90.0,35.89333,-79.01972,6.887116834734703,7.758565640076771,3.0959348744306214,3.0959348744306214,14.873136953677117,80.2927068961722,11.516749945906113,21.98245569123809,13.71533337361784,3.0959348744306214,5.97605087323598,18.644752483948793,8.441170258369972,16.894434024843537,13.962923009152162,3.272951409335954,1.094551624519743,88.0,69,63,208,16.894434024843537,208,Chemical Mfg,18.4847791825071,15
128,Waterways,MOUNTAIN CREEK AT SR1617 NR BAHAMA  NC,90.0,36.14972,-78.89667,16.30168904548735,12.427284695598061,7.661710282150227,7.661710282150227,11.319205342719664,92.37850656556644,7.268448911940851,33.14745619503666,25.981430598403566,7.661710282150227,16.23518068795355,13.05677849918753,18.5345161957721,13.376912646779779,16.880975293206824,6.569008899825382,3.7380050772552567,121.0,54,56,214,13.376912646779779,214,Glass Products,12.056644007987718,14
129,Waterways,N BUFFALO CR AT WESTOVER TERRACE AT GREENSBORO  NC,90.0,36.07917,-79.81278,10.164852862621746,8.031208206225381,2.527184246003589,2.527184246003589,15.716519605425026,11.048921871958397,2.0105365074345958,36.44695293477714,13.688333613076045,2.527184246003589,4.5808537731273935,15.40437716333021,9.053158280699387,14.756396708931772,31.64617647941472,0.8113388729000718,1.1104760932310824,222.0,103,127,388,14.756396708931772,388,Chemical Mfg,17.587149304693668,7
130,Waterways,REEDY FORK NEAR OAK RIDGE  NC,90.0,36.1725,-79.95278,5.976726637391824,3.078453155336321,7.709994013127647,7.709994013127647,16.808329552712824,6.322766960455616,7.605516731245783,49.632366656160734,10.825287467185136,7.709994013127647,20.695007625964084,14.335664092883247,18.188418800609263,11.849712407101968,15.500657754770005,3.2510652267466726,5.000464863533688,247.0,94,133,368,11.849712407101968,368,Metal Coating,17.587149304693668,7
131,Waterways,SANDY CREEK AT CORNWALLIS RD NEAR DURHAM  NC,90.0,35.98322,-78.95681,11.264038470985167,3.7566542953821385,2.973942492450019,2.973942492450019,12.1451532869668,88.3381637908067,6.898075322620298,20.620677313468924,10.71551110443487,2.973942492450019,2.891740947480085,15.938015317906089,9.09313465697265,10.128914650483525,2.474629302505556,1.5748913707527987,1.4206436320154268,90.0,65,62,197,10.128914650483525,197,Chemical Mfg,12.863410864851287,15
132,Waterways,SOUTH BUFFALO CREEK NR POMONA  NC,90.0,36.04944,-79.85528,9.464724600599618,4.853074048610813,0.7980237173711054,0.7980237173711054,11.984568290767701,10.05446167746674,1.6463926751305904,40.57469454041529,10.286612069184754,0.7980237173711054,6.258344389665681,13.613091081073232,10.648965254659691,11.4887151968193,31.69752003881586,0.9608800967579179,1.0671578411765725,234.0,100,126,388,11.4887151968193,388,Chemical Mfg,17.587149304693668,7
133,Waterways,STEWART CREEK AT STATE ST AT CHARLOTTE  NC,90.0,35.24028,-80.86833,7.329245004203624,3.0365705334584674,0.3092940321891519,0.3092940321891519,14.64243397747017,9.386613695553864,0.23421471847498285,6.187186221159918,123.64581815113311,0.3092940321891519,1.2108024148062426,14.830024738425152,16.067407104750977,14.684297527049663,11.093512845036333,0.16746265433306468,0.17158092221141552,195.0,160,96,440,14.684297527049663,440,Cleaning Product Mfg,13.531724366497645,30
134,Waterways,SWIFT CREEK NEAR APEX  NC,90.0,35.71889,-78.75222,11.96519555595294,5.8622308116349044,7.623069030162019,7.623069030162019,12.138474353040927,65.22909154442029,4.990148979466137,16.690495538197545,21.59234024943323,7.623069030162019,5.194244024133652,14.119531647687108,17.06711661669052,17.279047399634013,35.96006152325572,3.061919731562501,5.816587659142307,107.0,61,75,192,17.279047399634013,192,Electronics Industry,7.018822456519241,15
135,Waterways,THIRD FORK CR AT WOODCROFT PARKWAY NR BLANDS  NC,90.0,35.92264,-78.95242,10.761083970602044,9.267628506606007,5.830962416480284,5.830962416480284,18.768618516869722,83.71204035125524,4.657967152942678,16.879272990446275,7.422866046540782,5.830962416480284,0.9066623718338181,18.644752483948793,19.805537149589224,19.931909435935346,8.938594422457202,0.40733936780079244,0.9167137423108913,90.0,64,66,201,19.931909435935346,201,Chemical Mfg,18.4847791825071,14
136,Waterways,TORRENCE CR AT BRADFORD HILL LN NR HUNTERSVLLE  NC,90.0,35.40361,-80.88278,8.438657247568349,4.293374424861336,2.692242974926348,2.692242974926348,8.78953893541338,6.77245272528718,3.0356594566115835,21.27816516970182,111.55693669092693,2.692242974926348,3.6511756307053043,10.34601124853104,12.87722992475126,9.022187280636611,2.544622807879149,1.7733454713082146,4.141735950991687,202.0,175,108,540,9.022187280636611,540,Paper Mills and Products,11.951403036738908,31
137,Waterways,W. BR ROCKY R B MTH OF S PRONG R NR CORNELIUS  NC,90.0,35.46778,-80.79028,6.424892936855392,5.923737251837795,5.39364089948862,5.39364089948862,19.795156180044568,14.852472640129122,6.8247149872975115,30.70779103347306,100.55702833535645,5.39364089948862,6.478829920715715,13.751759743153887,18.404236568722997,15.92518267243629,8.920041990131834,3.247257766005289,3.9396669283237506,195.0,166,105,508,15.92518267243629,508,Plastics and Resins,18.635966362841444,31
138,Drinking Water,City of Dunn,90.0,35.3062743,-78.6089028,13.70579180688037,7.423697451880129,1.7198511126740554,1.7198511126740554,17.962677677459094,35.5397466977233,1.7198511126740554,52.152245049851935,55.7133691821294,1.7198511126740554,1.2688904682782312,18.305868902428287,10.853821944009358,18.305868902428287,17.050302731092174,0.24115390009729545,0.7270977981680189,69.0,21,68,126,18.305868902428287,126,Chemical Mfg,16.75721096266764,38
139,Drinking Water,CITY OF WINSTON-SALEM  NC,85.2,36.09986,-80.24422,3.995659283999477,3.0416086680547045,1.9719280919949456,1.9719280919949456,12.057751593172451,28.7939929971625,2.6998428996739583,56.339849764706784,25.23157198170868,1.9719280919949456,4.000824072038729,10.196843490151329,12.704861125296695,13.605718870654112,2.4993139569432916,0.18454618966280528,0.4843771197474848,300.0,76,126,332,13.605718870654112,332,Textiles and Leather,12.067052381249672,7
140,Drinking Water,Town of Smithfield,85.0,35.5084935,-78.3394455,5.762378126691746,1.1081028871248542,0.5180710981193639,0.5180710981193639,28.161268359155763,67.91135387907191,1.1828780431125734,38.067886189766995,62.75135437219715,0.5180710981193639,2.7501510860241205,28.351213879535933,28.266637283159213,27.658530377374365,49.14559472137345,0.052194318089768044,0.8274978430903285,42.0,34,50,95,27.658530377374365,95,Textiles and Leather,27.487277703400704,12
141,Drinking Water,TOWN OF SMITHFIELD NC,84.9,35.50849,-78.33945,5.762291511385948,1.1079660987403674,0.5186330064660784,0.5186330064660784,28.161823612920514,67.91079608273047,1.182894658374348,38.06806585944028,62.75133146942614,0.5186330064660784,2.7502216026449737,28.351213879535933,28.266637283159213,27.658530377374365,49.14503940578227,0.051682122408391304,0.8280582303112007,42.0,34,50,95,27.658530377374365,95,Textiles and Leather,27.487277703400704,12
142,Military Site,Fort Bragg,84.1,35.1487,-79.0027,2.459667755439099,4.533341052340746,0.9525384785704842,0.9525384785704842,24.595591626768382,2.607019499191867,15.400064803083678,12.91933232450923,37.23846286750924,0.9525384785704842,0.712953991040485,10.161499682003894,26.708654278830675,25.28368843550693,7.052412949942271,2.6372750761192263,4.894091177448004,90.0,23,51,129,25.28368843550693,129,Chemical Mfg,24.38361363243972,43
143,Drinking Water,CITY OF HIGH POINT  NC,83.7,35.95569,-80.00532,16.859691032186195,6.511543908792277,0.6816507511460246,0.6816507511460246,6.047466250125816,19.692835901201803,1.9466237511091868,56.01322047357675,13.822397781178754,0.6816507511460246,3.6289800841008297,7.822711842726821,6.814338444290457,6.722334706632365,24.448559549184417,0.37927131695836336,0.4029448267993249,295.0,83,130,373,6.722334706632365,373,Paints and Coatings,5.405918584247115,7
144,Well,"SMITHFIELD, TOWN OF: NEUSE RIVER",83.22,35.5201,-78.3499,4.250171828119994,0.6754093953295267,0.5233364937861698,0.5233364937861698,27.730719750007843,68.35664838251478,2.7745536961141903,39.51188928928748,61.17491772606492,0.5233364937861698,1.1498924852525008,28.351213879535933,28.2781317799631,28.235359712302486,49.10899030665205,1.0933448957986203,1.7814603361449166,23.0,34,55,97,28.235359712302486,97,Textiles and Leather,27.487277703400704,12
145,Well,COUNTY OF每ANSON,80.0,35.0026,-79.9103,15.575716793681922,8.063154336338576,6.436991415267668,6.436991415267668,2.4716439344144945,80.66884194760533,13.84866419774516,39.157936879467854,99.31108013413588,6.436991415267668,44.83554318246012,4.132132114925377,10.429613472966809,8.90130593791387,85.52036834488239,6.711746567038868,11.779627896995246,65.0,20,17,52,8.90130593791387,52,Chemical Mfg,24.68143461336362,6
146,Drinking Water,Town of Fuquay-Varina,80.0,35.5843235,-78.8000128,9.874131626080871,6.424370467741206,2.5947534992583074,2.5947534992583074,18.233852368737406,49.73236461478319,0.8131276366555168,31.5569441250006,35.21650459900022,2.5947534992583074,9.559813370283772,18.983327925299132,13.529899440964632,17.142404921178958,36.023376466442954,1.0269815292345408,0.23068089198027308,124.0,52,78,178,17.142404921178958,178,Metal Machinery Mfg,19.59655503624823,15
147,Drinking Water,INTERNATIONAL PAPER COMPANY NC,72.0,35.75957,-79.0193,20.576708356477074,4.786770188379618,13.011450843079738,13.011450843079738,0.00034576552666157405,65.4198066062616,9.64245549892925,24.86608723262266,22.069032480558857,13.011450843079738,18.485117550225198,9.642455453454124,4.78643826385484,5.602244233872109,27.883986973300722,6.677893633863183,6.581482020678654,75.0,59,65,193,5.602244233872109,193,Chemical Mfg,18.4847791825071,14
148,Military Site,MCOLF Atlantic,70.0,34.893,-76.3492,1.4473745916163332,21.915139256591115,12.535809075557244,12.535809075557244,30.00432003975449,1.660474028066054,48.04665281240302,48.888800727847375,227.19852157301793,12.535809075557244,38.68057635056188,1.123071627803285,14.423155478343965,17.897222587573573,47.737214209973665,31.051782050422673,24.70555243599337,11.0,1,7,15,17.897222587573573,15,Waste Management,11.829906585308741,1
149,Well,FAYETTEVILLE PUBLIC WORKS COMM: GLENVILLE LAKE,70.0,35.1736,-83.1518,47.71054829651755,16.970636855200894,19.565530821526707,19.565530821526707,14.526981208546012,85.06863710416654,20.33564511980212,84.04922897400655,102.5544382126442,19.565530821526707,23.50748730373356,8.004748720256261,24.8216806780826,8.266535788763564,64.96453922731948,17.065347186622162,7.903638073103285,1068.0,14,21,36,8.266535788763564,36,Electronics Industry,18.46782739242517,4
150,Well,CITY OF ROCKY MOUNT每 : TAR R @ RESERVR,68.0,35.9556,-78.1977,13.891335896581603,1.8667865543036128,7.372846812512594,7.372846812512594,27.405648673346604,114.06151815480636,17.194716926747972,53.153833901035256,58.2430579814354,7.372846812512594,35.12259215196682,18.876617870313392,26.081311125585117,21.480040179129112,31.366807705546275,5.238077999757535,11.029355877879274,69.0,29,42,110,21.480040179129112,110,Electronics Industry,13.206972965130836,8
151,Drinking Water,CITY OF BURLINGTON  NC,67.6,36.09596,-79.43725,5.897549688423405,8.807994487026292,1.9893172197066267,1.9893172197066267,7.216964081726988,43.87369821279285,1.0589647065100591,2.652273610877331,47.48031038151807,1.9893172197066267,2.9207916341895217,7.942638132285765,5.4330078479065165,5.937606813457504,45.582927147060175,0.28210433341914587,0.4594505357460798,202.0,75,63,206,5.937606813457504,206,Textiles and Leather,6.968119951247847,6
152,Well,HARRIS NUCLEAR PLANT WATER SYSTEM: HARRIS LAKE AUX RESERV,67.0,35.6341,-78.9165,17.646290667591796,3.0617436667921423,7.701251970631681,7.701251970631681,12.900863316654936,52.162489979429886,11.615721029723517,28.817955137211115,30.269248182253236,7.701251970631681,8.050264999399015,18.983327925299132,9.850822058533142,5.602244233872109,41.05910383905084,2.2148004282458613,7.145886499540565,104.0,48,78,170,5.602244233872109,170,Metal Machinery Mfg,19.59655503624823,14
153,Drinking Water,Johnston County - West,67.0,35.4403514,-78.3842227,11.092757480728089,8.607301956204704,2.1092503762742787,2.1092503762742787,32.18249499508655,59.46925936902985,8.336109018966859,39.09291214901793,65.61556922703645,2.1092503762742787,10.081384629453272,28.351213879535933,28.56032910157708,32.081078311014636,41.73927137441892,3.1944611111710928,5.412544165504478,53.0,30,43,78,32.081078311014636,78,Textiles and Leather,27.487277703400704,12
154,Drinking Water,JOHNSTON CO-WEST NC,66.6,35.44035,-78.38422,11.092924509700596,8.607376136893336,2.1094346051608315,2.1094346051608315,32.182733035773474,59.469295683820924,8.336091390161286,39.09263561868704,65.6158438362636,2.1094346051608315,10.08147715725788,28.351213879535933,28.56032910157708,32.081078311014636,41.73941200272933,3.1947446099553383,5.412590465788029,53.0,30,43,78,32.081078311014636,78,Textiles and Leather,27.487277703400704,12
155,Drinking Water,City of High Point,66.0,35.9551294,-80.0020672,16.97419237972206,6.218116775344854,0.8400658666144077,0.8400658666144077,5.985934169257837,19.64535156534439,2.154951104933406,55.750612141163124,13.809088592085988,0.8400658666144077,3.588021381846409,7.822711842726821,6.814338444290457,6.722334706632365,24.716483153709934,0.5255145044685032,0.5315765734820739,282.0,82,130,373,6.722334706632365,373,Paints and Coatings,5.405918584247115,7
156,Drinking Water,CHATHAM CO-NORTH NC,65.4,35.69784,-79.29021,21.61380245276806,5.733620227489328,10.339362891916236,10.339362891916236,20.336004013938112,63.802379617288345,5.343092657533593,45.746471715613986,45.034348820938135,10.339362891916236,24.815225165817537,15.101641824793523,19.84177590587248,26.695906387688815,46.10356014129216,10.470340709184361,7.626119858207588,132.0,47,50,192,26.695906387688815,192,Waste Management,19.99338430594875,11
157,Well,CITY OF GREENSBORO  : LAKE BRANDT,65.0,36.1759,-79.8641,5.790954329087553,3.098293323393413,9.430587225008072,9.430587225008072,15.071987964206125,8.231019338611812,4.912602521553503,41.87684324884378,14.367901077931485,9.430587225008072,16.246057589798717,16.170494612551572,12.20033462532337,11.849712407101968,21.216214666803396,3.3537256861348417,3.2416327662999938,237.0,98,131,383,11.849712407101968,383,Textiles and Leather,17.587149304693668,6
158,Drinking Water,Siler City,63.0,35.7234734,-79.4622431,17.401334219085054,18.16284313704212,1.4358727948795658,1.4358727948795658,34.01775928924495,60.67682295105482,1.6101104948347593,41.93925279952353,57.549607358302666,1.4358727948795658,35.07512212661876,33.0167641855189,19.84177590587248,33.01304747093015,56.1168305267001,1.127020440037379,0.45953332861178536,186.0,44,53,163,33.01304747093015,163,Textiles and Leather,29.481804367294345,4
159,Well,CITY OF SILER CITY : ROCKY RIVER (LOWER),62.82,35.7174,-79.4584,18.155672014952522,17.91979489497135,1.7723707549937757,1.7723707549937757,33.567026535226915,61.40696699929946,1.8684904728311327,42.57164678687653,57.48766184720462,1.7723707549937757,34.67096120116426,33.0167641855189,19.84177590587248,33.01304747093015,56.20852982040996,1.3406428099531995,1.0436279510310993,181.0,43,51,158,33.01304747093015,158,Textiles and Leather,19.99338430594875,4
160,Drinking Water,TOWN OF SILER CITY NC,62.8,35.72347,-79.46224,17.401786434306043,18.16261420130025,1.435905884499377,1.435905884499377,34.01811292907755,60.677290112259485,1.6100962771152958,41.939595674738676,57.54949059384242,1.435905884499377,35.075131531309225,33.0167641855189,19.84177590587248,33.01304747093015,56.116807841977604,1.126931046131319,0.45966546383511614,186.0,44,53,163,33.01304747093015,163,Textiles and Leather,29.481804367294345,4
161,Waterways,BE-116 NR WINDSOR  NC UPPER CAPE FEAR,60.0,35.9779,-76.95266,24.31005384577332,17.04316534122142,19.707820475636797,19.707820475636797,13.62256969508212,89.88530750167395,5.984829355101838,89.16123189014635,170.20859972864676,19.707820475636797,14.65060888110595,8.790662114250097,4.382305720107589,3.8896735828936198,22.70698254998464,3.4094629226358077,4.6254045668642725,14.0,6,20,65,3.8896735828936198,65,Waste Management,11.07310332380662,1
162,Waterways,BE-117 NR AULANDER  NC UPPER CAPE FEAR,60.0,36.21441,-77.12928,10.19349480420938,11.859023233542349,10.709585669592522,10.709585669592522,8.24285912861257,75.1041143380985,12.747075841979886,85.30876748863173,149.52002272563638,10.709585669592522,20.897397278594518,1.7424220884453436,5.631282505697086,4.634926874744969,44.53719602670567,10.693009793181725,10.028949212158299,22.0,5,13,47,4.634926874744969,47,Plastics and Resins,11.07310332380662,3
163,Waterways,BO-464 CITY OF WASHINGTON-6,60.0,35.52494,-76.96111,9.475187433858025,9.683500281860743,6.897852555436647,6.897852555436647,6.968281779007917,71.56115906386692,26.119536504470243,68.69259860800511,174.73689083871344,6.897852555436647,64.98345948416035,12.122354347540897,4.282165851064804,6.132448710125413,41.22466903570806,0.880302950513759,9.1536300746294,13.0,6,29,100,6.132448710125413,100,Chemical Mfg,11.07310332380662,0
164,Waterways,PA-184 PAMLICO COUNTY VANDEMERE 1,60.0,35.18861,-76.68,35.295588644384225,15.496159255665471,22.833511856791397,22.833511856791397,14.89696913506944,38.18976152348738,36.58260187171576,36.1300035538465,200.33868049422614,22.833511856791397,37.52005029798981,21.312689917036796,30.327489862132573,21.89967551094541,35.003717815787,17.02158610035575,11.683609496368534,6.0,5,21,54,21.89967551094541,54,Waste Management,11.829906585308741,1
165,Waterways,PE-125 NR SURF CITY  NC CASTLE HAYNE,60.0,34.45775,-77.56584,4.8634590894903935,1.9772137340603433,4.439804741567224,4.439804741567224,11.882545589981362,36.16686837353965,6.232816516372114,24.807612884466074,124.02870607252987,4.439804741567224,29.39265271842676,8.050423194104585,10.284514801507951,16.14259866770497,60.21152663853628,6.321745223244318,28.241811132991288,13.0,15,25,59,16.14259866770497,59,Waste Management,8.757402524572488,23
166,Well,CITY OF GREENSBORO : LAKE BRANDT,60.0,36.1646,-79.8474,4.297131196970089,1.5357269752014913,10.259784432368612,10.259784432368612,13.726871627314042,8.507651760604636,3.955531949817891,40.163153524170646,14.47277989547766,10.259784432368612,14.487618530956466,16.170494612551572,12.20033462532337,7.939089446629013,23.16035155945788,3.817146957598522,2.7695890987444187,229.0,99,130,386,7.939089446629013,386,Textiles and Leather,17.587149304693668,6
167,Drinking Water,TOWN OF SELMA NC,59.4,35.53655,-78.28444,9.559018329064925,6.432826919031425,3.3233805099006988,3.3233805099006988,22.789520373158386,73.47020249791021,2.4194299077579395,35.47781835357149,64.41886877339435,3.3233805099006988,4.876869713339275,22.754268346624926,28.266637283159213,26.10526833491962,55.017481910982085,2.345738500540118,1.2547546910505425,61.0,32,49,98,26.10526833491962,98,Petroleum,25.356566391832608,11
168,Well,TOWN OF SELMA,59.4,35.5391,-78.2825,9.727213412152114,6.7083699748662715,3.6562601485224566,3.6562601485224566,22.45605041862487,73.80040812017162,2.422967454597183,35.50384052008776,64.37810459013761,3.6562601485224566,5.03272769723772,22.754268346624926,28.266637283159213,26.10526833491962,55.32117484846483,2.260323814285598,1.5364620356916168,55.0,32,49,98,26.10526833491962,98,Petroleum,25.356566391832608,11
169,Drinking Water,NEUSE REGIONAL WTR & SWR AUTH NC,58.2,35.89737,-78.56917,15.898612028437553,1.4989326790285682,0.7669600591534114,0.7669600591534114,13.843831527698299,90.07042275128174,1.6726974216759454,19.087219762302805,24.468025268967974,0.7669600591534114,11.030923278319634,12.171304317531577,14.063079662844604,14.58173779315009,35.674436314865936,0.9302359615990862,1.9413411530996825,102.0,52,71,177,14.58173779315009,177,Printing,5.170477334290996,16
170,Drinking Water,Neuse Regional Water and Sewer Authority,58.0,35.5546941,-77.2999073,9.927891907762135,4.82302666948791,10.178880975528617,10.178880975528617,8.81204440712193,82.68843746998768,7.8699696557282515,64.69017464386594,144.27459156099673,10.178880975528617,62.665751523076,6.090100896697753,9.398321110282316,1.404137148730036,59.66449492048801,2.9288752718580966,4.712137239480211,24.0,9,35,88,1.404137148730036,88,Chemical Mfg,9.927706004336079,0
171,Drinking Water,PIEDMONT TRIAD REGIONAL NC,57.7,35.75957,-79.0193,20.576708356477074,4.786770188379618,13.011450843079738,13.011450843079738,0.00034576552666157405,65.4198066062616,9.64245549892925,24.86608723262266,22.069032480558857,13.011450843079738,18.485117550225198,9.642455453454124,4.78643826385484,5.602244233872109,27.883986973300722,6.677893633863183,6.581482020678654,75.0,59,65,193,5.602244233872109,193,Chemical Mfg,18.4847791825071,14
172,Well,PIEDMONT TRIAD REGIONAL: RANDLEMAN LAKE,57.6,35.8657,-79.8246,14.670786813270565,11.54953736645071,7.540714269372059,7.540714269372059,15.249419482524225,29.71391220997345,4.120977774976939,45.53849179851092,26.546458697323896,7.540714269372059,17.59091502698315,15.46062222377302,9.119765632400163,17.964484772828442,43.47120047932115,3.5287469857943,5.6398991151860205,233.0,90,99,330,17.964484772828442,330,Metal Coating,5.405918584247115,7
173,Well,NEUSE REGIONAL WTR & SWR AUTH: NEUSE RIVER,57.0,35.215,-76.6027,42.90675164812612,22.86508005719096,24.119716967478375,24.119716967478375,7.525554713625658,44.10007086806713,43.583868252260075,42.51308364667247,207.7842277254592,24.119716967478375,42.39751113852619,21.312689917036796,30.327489862132573,21.89967551094541,41.31677680410309,20.55712189509716,19.29335875217248,6.0,1,18,53,21.89967551094541,53,Waste Management,11.829906585308741,1
174,Drinking Water,City of Lumberton,57.0,34.6182199,-79.0086424,4.787941189438684,2.188982515891042,1.408009508681344,1.408009508681344,7.098943624599523,28.87202776513914,2.9992878822080975,58.90874016161653,29.31762637716926,1.408009508681344,2.998350285592431,8.917514760814914,9.185047624040852,6.175964660529792,2.746030849823576,0.9488054053939949,0.11768925100287289,47.0,19,34,113,6.175964660529792,113,Textiles and Leather,4.133644360713712,5
175,Waterways,SA-134 NR CLINTON  NC,56.7,34.99083,-78.28417,7.0124238315460135,4.587660304238867,1.1761780260983508,1.1761780260983508,5.401404852582774,47.263877604186256,1.0837277732657247,49.09835872829598,53.21271950819549,1.1761780260983508,38.64177812824996,5.916419065815241,8.064837612508189,5.9990743402999165,29.56516457570319,3.474466252541246,1.6032038109971443,39.0,5,13,70,5.9990743402999165,70,Chemical Mfg,15.395403358898497,3
176,Waterways,YD-203 NR BOONVILLE  NC MAFIC GNEISS,56.7,36.23023,-80.69953,9.820077665638658,7.312211442006796,7.827444606510205,7.827444606510205,19.01055188053676,54.86561796885812,12.683054273909018,66.73012821837945,68.14924088507613,7.827444606510205,38.061962729092315,23.174966726138763,26.190804997771284,11.344064071952968,29.96828678169069,12.6090151276465,1.3891827461466701,309.0,19,75,116,11.344064071952968,116,Metal Machinery Mfg,19.275136567265395,5
177,Drinking Water,CITY OF LUMBERTON  NC,56.6,34.61822,-79.00864,4.788158901662922,2.1888758790094163,1.407881116781213,1.407881116781213,7.098977534207942,28.87189985852984,2.999080394472419,58.908775164805746,29.317500827372672,1.407881116781213,2.9983594544532863,8.917514760814914,9.185047624040852,6.175964660529792,2.746036840275957,0.9490057737112617,0.11756310458341211,47.0,19,34,113,6.175964660529792,113,Textiles and Leather,4.133644360713712,5
178,Drinking Water,"LUMBERTON, CITY OF : LUMBER RIVER",56.52,34.6000138,-79.1205403,5.651005448695175,3.8334727662746024,6.248856440091837,6.248856440091837,4.219148829278562,36.87714031000307,10.53342240384701,58.08350372041657,37.23527676209616,6.248856440091837,11.151551660578619,10.396627682309417,2.192801456904767,2.277276484951624,10.331633152397837,2.0263606227073554,1.1119080758425308,45.0,16,30,94,2.277276484951624,94,Textiles and Leather,4.133644360713712,5
179,Well,CITY OF LUMBERTON : LUMBER RIVER,56.5,34.6057,-79.1533,8.552186161264295,5.735908570411909,8.224973107341386,8.224973107341386,4.403729657557499,38.609016977929095,13.588961526341706,55.90470345976808,38.93524727600232,8.224973107341386,13.679372475922513,10.396627682309417,2.192801456904767,2.277276484951624,13.373197004312926,4.978056102005911,3.219378270366536,40.0,14,26,83,2.277276484951624,83,Textiles and Leather,4.133644360713712,5
180,Well,TOWN OF PITTSBORO :  HAW RIVER,54.32,36.0937,-79.3695,8.463663833804603,5.645782148035525,1.6942748208344323,1.6942748208344323,1.1371550735296079,49.96476727854682,0.7591098867153039,3.4792066874471765,49.0144985936285,1.6942748208344323,8.760991438278067,1.8804294420301513,5.4330078479065165,2.5981889760690384,39.61156516097248,1.0286341015570033,2.6261608549412156,145.0,67,55,192,2.5981889760690384,192,Waste Management,6.968119951247847,9
181,Drinking Water,CITY OF ASHEBORO  NC,53.4,35.70791,-79.81364,9.43580736996682,2.3942680206087266,2.462017706055922,2.462017706055922,24.712796840719058,46.93973348964128,2.1820947521064324,56.7266849217684,43.10497580679193,2.462017706055922,18.88673340785411,23.29764581292888,25.252618828954965,26.685520779238256,56.19025094884814,0.19403403490347831,2.269630136748606,260.0,71,49,276,26.685520779238256,276,Waste Management,29.481804367294345,4
182,Drinking Water,City of Burlington,51.0,43.326012,-79.7982923,389.2060283117253,755.5600278795126,353.83207463435514,353.83207463435514,265.78981348210976,63.35112313753019,63.997416736366176,72.66645737278856,176.24916623967954,353.83207463435514,768.9783000540536,244.13740625948012,7.534277899840211,182.16868705575715,763.003583501815,757.6472700653038,755.2152836753248,79.0,0,0,0,182.16868705575715,0,Waste Management,21.87627705273303,0
183,Waterways,Oconaluftee Overlook M97S1,50.0,35.60802,-83.43569,59.475344292242774,20.585487003934464,21.725715518519422,21.725715518519422,13.577123599197115,63.86896619385971,17.355700069820006,55.780547713405845,53.264455170096106,21.725715518519422,31.989483280645764,5.418482993246765,9.875491067878235,11.354838978960828,87.23042152014281,17.050531506636716,10.673040766159524,1506.0,9,12,10,11.354838978960828,10,Waste Management,18.46782739242517,1
184,Drinking Water,Bell Arthur Water Corporation,50.0,35.5880165,-77.5116806,5.366829896782124,5.616319664320802,7.360988671784469,7.360988671784469,13.422050160511912,95.58441897935543,8.937268047616637,49.136560809837796,124.84609605183553,7.360988671784469,47.645990714768956,9.402200454706028,14.366340085383644,11.204196254513112,47.46100722317734,1.255333367994065,5.046449370668,15.0,16,35,104,11.204196254513112,104,Textiles and Leather,9.927706004336079,3
185,Drinking Water,SOUTH GRANVILLE WTR&SEWER AUTHORITY NC,49.4,35.75957,-79.0193,20.576708356477074,4.786770188379618,13.011450843079738,13.011450843079738,0.00034576552666157405,65.4198066062616,9.64245549892925,24.86608723262266,22.069032480558857,13.011450843079738,18.485117550225198,9.642455453454124,4.78643826385484,5.602244233872109,27.883986973300722,6.677893633863183,6.581482020678654,75.0,59,65,193,5.602244233872109,193,Chemical Mfg,18.4847791825071,14
186,Drinking Water,South Granville Water and Sewer Authority,49.0,36.13995065,-78.7632476,24.913541154190806,2.47884882193984,1.8601751918636318,1.8601751918636318,20.311834209720722,104.33174627615111,1.3347425706814418,30.31799799894461,26.589708674989524,1.8601751918636318,20.101264094990082,19.962519715867863,18.5345161957721,18.908874810953304,22.257813351821614,1.342627034340445,1.0889888790778415,132.0,48,57,201,18.908874810953304,201,Plastics and Resins,12.056644007987718,15
187,Drinking Water,CITY OF GOLDSBORO NC,48.2,35.38488,-77.99277,5.808161278758589,3.8808841368262694,3.1391739568574524,3.1391739568574524,14.006048560477787,83.48155206302361,9.13440971433603,4.610127749052951,95.6259399868874,3.1391739568574524,0.3021707137514066,6.629764679395952,16.61003420638148,17.08323297750009,50.77418223833007,0.30063740059045,0.6830966832166224,32.0,13,30,81,17.08323297750009,81,Industrial Gas,14.301380410551916,5
188,Drinking Water,City of Goldsboro,48.0,35.38487482,-77.99317019,5.826317933569217,3.8959510379611393,3.129002974834684,3.129002974834684,14.02379089725159,83.44929465628917,9.138448675451938,4.627528288725025,95.59730951965612,3.129002974834684,0.2794258399920257,6.629764679395952,16.61003420638148,17.08323297750009,50.77518577775137,0.28197441551965896,0.6737520081662838,31.0,13,30,81,17.08323297750009,81,Industrial Gas,14.301380410551916,5
189,Drinking Water,CITY OF WILSON  NC,47.8,35.72583,-77.91112,7.235842632394823,4.980554877564876,2.342989097522017,2.342989097522017,4.640709454735155,111.94998879022438,0.7351780630797501,42.24276090487319,86.02128321669693,2.342989097522017,26.924261287587957,4.614956894974013,8.799381672377868,3.6595563686962587,25.14910311785543,0.42764372349551727,0.6114024519740902,48.0,20,36,88,3.6595563686962587,88,Plastics and Resins,9.927706004336079,6
190,Well,"CARTHAGE, TOWN OF: NICKS CREEK",45.452,35.2514,-79.413,2.443226923407528,4.928433528746856,7.252118062858078,7.252118062858078,18.417221074785786,37.64363921167017,14.321209677909222,25.386012061978544,69.32277221064554,7.252118062858078,8.407670887396248,32.62604401729839,14.139490559025827,25.479756318278056,45.99549780140913,6.114726056588205,7.554185148729645,98.0,15,28,81,25.479756318278056,81,Textiles and Leather,24.68143461336362,39
191,Well,SOUTH GRANVILLE WTR&SEWER AUTHORITY,45.02,36.1377,-78.7978,22.750614940428754,4.401807692536246,0.1742994193131987,0.1742994193131987,18.699411295198026,101.22572431194241,4.2453036354449045,30.093188931062286,25.38724093334481,0.1742994193131987,17.99426589330059,19.962519715867863,18.5345161957721,18.56640705260671,19.921183939570557,4.0658848288062,3.3608700753896086,89.0,47,57,200,18.56640705260671,200,Plastics and Resins,12.056644007987718,15
192,Well,CITY OF   ASHEBORO : LAKE LUCAS,44.808,35.7222,-79.862,8.41713434314114,6.304827062793938,6.034653587987516,6.034653587987516,20.773507805601508,44.631426426100035,2.6698580965329146,58.4777047525796,40.382649510994625,6.034653587987516,21.5720860805568,23.29764581292888,20.894178098708558,26.685520779238256,52.206346634115334,4.540493191011973,4.804810589798268,190.0,67,59,295,26.685520779238256,295,Waste Management,29.481804367294345,5
193,Drinking Water,CITY OF SANFORD NC,44.6,35.47988,-79.1803,13.294429500576634,4.435699969176841,2.631745853864603,2.631745853864603,19.57381372669643,37.61680915977474,4.259287704453917,38.353364826246484,55.81290421393668,2.631745853864603,1.9452640244655048,18.415562414629523,18.582226545635883,17.37976848754971,41.79678144342561,1.8301390141233058,0.21717836766143114,107.0,19,47,98,17.37976848754971,98,Electronics Industry,19.99338430594875,38
194,Waterways,CB-156 NR HARRISBURG  NC FELSIC INTRUSIVE IGNEOUS,43.7,35.31778,-80.60194,12.669958480912198,2.326046300565862,2.316394402644033,2.316394402644033,5.089363295540963,33.91595936541429,2.316394402644033,31.830532757468315,102.02695865191156,2.316394402644033,10.359607518902953,7.0868650845037955,7.359614086772632,7.0868650845037955,20.923750844715276,2.275102432207119,2.586143014168657,180.0,150,96,436,7.0868650845037955,436,Chemical Mfg,2.4621253215056065,29
195,Waterways,CR-543 COVE CITY RS R23x2 CASTLE HAYNE,43.0,35.17211,-77.31107,16.47074861041033,7.373583609780535,3.0412159971143753,3.0412159971143753,15.011809955586346,48.67231120015678,7.8779865525135016,48.50618394322555,143.90355815939813,3.0412159971143753,45.493204302945216,19.352847093312434,20.03436402382152,16.04566361310858,46.725726641567555,3.1965317488201395,3.2137598428866796,15.0,10,37,64,16.04566361310858,64,Waste Management,6.208158241366598,2
196,Well,"PILGRIM""S PRIDE WATER SYSTEM: DEEP RIVER",42.22,35.4963,-79.2047,13.28036244167361,1.790360860733373,2.4705476914211144,2.4705476914211144,19.510316116305265,40.20859078271883,1.7134555367687294,40.414654410146625,55.568616811015104,2.4705476914211144,1.1116589911921737,18.415562414629523,18.582226545635883,17.37976848754971,44.66255202950499,0.9570397796180938,1.4218197895033642,106.0,20,46,97,17.37976848754971,97,Electronics Industry,19.99338430594875,38
197,Drinking Water,PILGRIM`S PRIDE WATER SYSTEM NC,42.2,35.75957,-79.0193,20.576708356477074,4.786770188379618,13.011450843079738,13.011450843079738,0.00034576552666157405,65.4198066062616,9.64245549892925,24.86608723262266,22.069032480558857,13.011450843079738,18.485117550225198,9.642455453454124,4.78643826385484,5.602244233872109,27.883986973300722,6.677893633863183,6.581482020678654,75.0,59,65,193,5.602244233872109,193,Chemical Mfg,18.4847791825071,14
198,Drinking Water,"Sanford, NC 27330",42.0,35.4798757,-79.1802994,13.294800329601227,4.436116440386244,2.6322207956815524,2.6322207956815524,19.574179143515394,37.61635086062588,4.2597144521748325,38.35288378528781,55.8132744312999,2.6322207956815524,1.9455112123349823,18.415562414629523,18.582226545635883,17.37976848754971,41.79643057022338,1.8303905239496803,0.2168198138242727,107.0,19,47,98,17.37976848754971,98,Electronics Industry,19.99338430594875,38
199,Drinking Water,Brookwood Community NC,42.0,35.7595731,-79.0192997,20.576378244699143,4.78643826385484,13.01178927730001,13.01178927730001,0.0,65.42015095031533,9.642455453454124,24.865896731518212,22.068742368410202,13.01178927730001,18.4847791825071,9.642455453454124,4.78643826385484,5.602244233872109,27.88364611166938,6.677985557420381,6.581581886828185,75.0,59,65,193,5.602244233872109,193,Chemical Mfg,18.4847791825071,14
200,Drinking Water,Cliffdale West,41.0,35.0628314,-79.0712581,11.812830390644091,7.452761695408141,4.604042782752773,4.604042782752773,22.26964985646588,5.0178935662018525,16.614493906451454,10.505947571534469,32.43995971188851,4.604042782752773,7.662457473154941,6.022473396145131,15.021786078593804,17.76071917586524,14.2964449301686,3.6870410378816167,4.1319955629113085,86.0,19,51,135,17.76071917586524,135,Waste Management,19.597560080275663,44
201,Drinking Water,Bessemer City,41.0,35.284782,-81.2839183,15.387765040588583,2.1702185692412437,2.058144687719112,2.058144687719112,27.316223070794475,22.15998469023964,4.236564604675343,33.05961721465679,148.0655710924175,2.058144687719112,9.414272556804919,26.298464932485963,28.369172329647125,28.445763609813184,27.377746068285536,1.5751921837247402,0.23199471857161388,271.0,151,78,397,28.445763609813184,397,Metal Coating,18.768533539367773,24
202,Drinking Water,City of Asheboro,41.0,35.7079146,-79.8136446,9.435852609068178,2.3943651501343646,2.4625470214243093,2.4625470214243093,24.712138303732,46.939145412798744,2.181666768939529,56.72656001401108,43.10435936099257,2.4625470214243093,18.887307724672095,23.29764581292888,25.252618828954965,26.685520779238256,56.189592201408274,0.19343739124491569,2.2698656816597955,260.0,71,49,276,26.685520779238256,276,Waste Management,29.481804367294345,4
203,Well,CITY OF GREENSBORO : LAKE TOWNSEND,40.0,36.1806,-79.7591,3.855684612476224,6.129277338463369,2.561775176448302,2.561775176448302,5.634731108687525,16.30775873636877,2.438894196669185,32.85061432882752,21.86898269997345,2.561775176448302,15.365681161632219,4.578326596885769,10.844460892653919,3.1321502119427835,29.340765287754003,2.438443761990077,1.8658060763068431,216.0,96,110,379,3.1321502119427835,379,Metal Coating,17.587149304693668,6
