index,Site Type,Name,Total PFAS,Latitude,Longitude,distancetoirport,distancetolandfil,distancetochemfactory,distancetofirefighting,distancetowaterways,spilldata,chemindustry,federalsites,greenhouse
0,Drinking Water,ROBESON COUNTY WATER SYSTEM,200600.0,35.06375,-78.87223,8.23108883289276,0.25062686784941224,2.153213225025608,2.153213225025608,0.17673973500301063,7.597190453603955,1.9225226841514258,26.001681494887993,24.856028977597692
1,Drinking Water,City of Greensboro,124000.0,36.21522,-79.66144,12.437805417605057,5.69267400089803,7.410374780932324,7.410374780932324,5.617648938092169,25.87907386687056,3.9800864784718217,26.23134346342402,31.368202883236997
2,Drinking Water,BRAGG COMMUNITIES/NTA,114500.0,35.27629,-79.17743,19.261164367573798,3.294521851157609,18.746786765157637,18.746786765157637,17.843270290763243,19.14381661807813,2.6602327244575728,15.867237238567645,57.298025730769446
3,Drinking Water,TOWN OF JAMESTOWN  NC,105600.0,35.96232,-79.97522,15.63347826126913,3.8926920060936965,0.27440569883128213,0.27440569883128213,2.651350202719595,18.150425049436038,0.2914826698959691,53.20637785963621,12.635001633262071
4,Drinking Water,LILLINGTON WATER SYSTEM,56700.0,35.38163,-78.90619,15.974347872651721,12.812955132019784,19.865210293718697,19.865210293718697,8.729307057062897,25.23109173959121,8.450081798720234,34.79427209415511,57.864538921767554
5,Drinking Water,CITY OF BESSEMER CITY  NC,50300.0,35.31616,-81.27391,17.129260536841787,2.6182893341799147,4.929627168768472,4.929627168768472,48.165595213031075,22.04023801659691,5.3042977246832335,33.171854065141545,145.265049337107
6,Drinking Water,TOWN OF SELMA  NC,35700.0,35.58045,-78.2704,11.716457191117572,10.320573401353249,8.235730585551382,8.235730585551382,6.724640510000859,78.06226034608031,4.384999429300969,37.61159186071394,62.508428744917474
7,Drinking Water,SEYMOUR JOHNSON AFB,30600.0,35.35057,-77.96815,1.3884595945155853,0.6548857870005852,0.13727373531876866,0.13727373531876866,6.4932993762770455,83.76691443639955,12.98252460864077,0.2047465479780965,97.3310249530762
8,Drinking Water,Town of Fuquay-Varina,30000.0,35.58434,-78.80003,9.87481795672515,6.42563845719739,2.5966313432812185,2.5966313432812185,7.882181852732845,49.733460145492764,0.8114582522221474,31.55521175043509,35.214517649977154
9,Drinking Water,LAMPLIGHTER SOUTH-DANBY,29000.0,35.08041,-80.88759,15.177253978393132,2.1402224249340893,2.4856922094579623,2.4856922094579623,23.99171213055175,6.290162600687678,0.6969697341918588,15.568075472337188,125.82367572558755
10,Drinking Water,CFPUA - Wilmington,27000.0,34.30237,-77.98529,8.622998570188518,1.2010258439437875,0.9228101101310126,0.9228101101310126,2.6097872951630974,13.063959269312809,3.90249249063348,31.614011806261278,98.51868390990005
11,Drinking Water,CITY OF DURHAM  NC,26100.0,35.8387,-78.82694,5.672022142281514,6.391102104230805,0.22013708366809343,0.22013708366809343,8.45818934969569,76.04941301523904,4.30426873647963,5.467698134653939,6.852984204676752
12,Drinking Water,Moore County Public Utilities - Pinehurst,25000.0,35.26479,-79.53786,13.706284074388039,5.612378127172851,15.537547876457198,15.537547876457198,23.024470258533565,49.028980079259476,18.54855592158447,26.59226210395071,79.12171210288056
13,Drinking Water,City of Albemarle,20000.0,35.32139,-80.20982,12.233103892503769,5.576169861222632,4.635214622592289,4.635214622592289,7.432279407417018,45.51597309284219,3.7709123044880384,46.08938326048269,86.733865669902
14,Drinking Water,UNION COUNTY WATER SYSTEM,15900.0,35.10196,-80.59939,2.180229883879809,10.351972185129231,5.035417011887383,5.035417011887383,1.3736340137331844,29.327829148627153,4.851462974752149,32.59996608691262,122.52539007627111
15,Drinking Water,Fayetteville Public Works Commission,15000.0,35.06375,-78.87223,8.23108883289276,0.25062686784941224,2.153213225025608,2.153213225025608,0.17673973500301063,7.597190453603955,1.9225226841514258,26.001681494887993,24.856028977597692
16,Drinking Water,BRUNSWICK COUNTY WATER SYSTEM,13700.0,34.30237,-77.98529,8.622998570188518,1.2010258439437875,0.9228101101310126,0.9228101101310126,2.6097872951630974,13.063959269312809,3.90249249063348,31.614011806261278,98.51868390990005
17,Drinking Water,BLADEN CO WTR DIST-EAST BLADEN,13600.0,34.93037,-78.72495,11.410922915824466,13.62490713888622,6.959276160709157,6.959276160709157,11.225928534614383,12.881935283276386,14.304282957466967,44.49138636833712,14.304282957466967
18,Drinking Water,Brunswick Regional Water & Sewer H2GO,13210.0,34.25775,-78.08801,17.331244162267,4.101223651018859,1.481142150914303,1.481142150914303,8.42233234633246,20.8100444959876,1.7204231545443676,28.651736808395356,94.58825702168063
19,Drinking Water,TOWN OF WADESBORO  NC,12800.0,34.96821,-80.07673,5.7664837473786195,8.684934818020343,5.713994767171823,5.713994767171823,18.944434709534427,78.848765935926,8.060770735027178,54.64115208334708,113.75780076571937
20,Drinking Water,TOWN OF WINGATE   NC ,10600.0,34.98062,-80.44378,16.63760850320428,6.370532122538774,2.1533610775404672,2.1533610775404672,6.08972911587445,46.43246635583737,4.596226572220189,51.379950569429965,126.6085326511177
21,Drinking Water,CENTRAL NASH WATER & SEWER,10500.0,35.77733,-78.19064,19.921949256810088,11.875610392126822,8.909747284165258,8.909747284165258,3.9735197895631407,100.02422857668228,11.828885567315211,51.742380137442396,60.15594546985643
22,Drinking Water,Town of Cary,10000.0,35.7698,-78.78162,12.276950392061826,2.338842845775583,2.7527937333955577,2.7527937333955577,6.252838038019495,69.7030964720003,4.466777884492492,10.874617410366284,15.356080313062124
23,Drinking Water,TOWN OF DALLAS  NC,8000.0,35.3533,-81.18577,14.280629289684349,3.53065605096587,5.693360269230268,5.693360269230268,39.22142974053992,16.87819705713582,6.304035195373224,27.801902136201086,136.37356052977444
24,Drinking Water,CITY OF OXFORD   NC,7300.0,36.3715,-78.45246,7.05967250044666,2.7592184084551707,9.88332416489924,9.88332416489924,14.64798073659042,134.94570245040626,16.33133048960978,63.19914098921655,62.938060976632535
25,Drinking Water,NORTHAMPTON--LAKE GASTON,6200.0,36.53258,-77.82529,14.567407353052285,17.59705538131585,14.392835786638596,14.392835786638596,34.600021611577276,112.55903467269108,17.358121360791326,56.558653759090305,115.14408582413654
26,Drinking Water,CITY OF RALEIGH  NC,3300.0,35.5982,-78.45246,8.590465718480928,9.395406710691468,3.731186737857714,3.731186737857714,5.237387369634892,69.36879135119655,13.935388323157976,41.94555002605687,48.46790919407315
27,Drinking Water,CITY OF ROCKINGHAM  NC,3200.0,34.9395,-79.80726,6.990329840739783,9.13795492904178,2.7127373991816834,2.7127373991816834,5.820842364812667,72.7292564019081,2.234673834073235,31.330172231374075,88.99421619876071
28,Drinking Water,WRIGHTSVILLE BEACH WATER SYST NC,2459.7,34.2085,-77.79637,11.72654308368191,12.875828362025816,8.1613116272862,8.1613116272862,14.25488076606102,7.1996863584559305,3.559322039335211,26.696179459271615,118.6594632418174
29,Drinking Water,TOWN OF PITTSBORO NC,844.8,35.72015,-79.17724,17.075359579960036,8.164521454977058,6.645343962966197,6.645343962966197,6.422450107798921,62.874551430838395,5.578330795885255,39.5788442536411,35.28921148249054
30,Drinking Water,PENDER COUNTY UTILITIES NC,425.5,34.55125,-77.91861,20.187634877151726,6.349081554290215,19.914026353624156,19.914026353624156,1.4187574319586351,34.60896050877771,14.03118976916633,47.00373510952609,90.11959747064402
31,Drinking Water,BLADEN BLUFFS WATER SYSTEM NC,423.5,34.58824,-78.56609,1.825137607099407,3.12143230362086,4.076872292184773,4.076872292184773,2.569474481348883,37.15277877935362,6.738491569010017,80.57808277442516,37.641344698406456
32,Drinking Water,CFPUA-WILMINGTON NC,406.0,34.24043,-77.86741,4.4477705423520195,9.542596284648745,1.1647217916168324,1.1647217916168324,6.892045704887143,0.5838798326690647,1.1647217916168324,26.55744336971514,111.30556098564828
33,Drinking Water,BRUNSWICK COUNTY WATER SYSTEM NC,395.4,33.95928,-78.08303,3.4705669975694486,0.439808360963408,5.5641264975367974,5.5641264975367974,6.254846061665904,37.57660514276537,7.712002626414686,12.060898145485051,120.16587706030252
34,Drinking Water,CFPUA-WILMINGTON,279.1,34.24043,-77.86741,4.4477705423520195,9.542596284648745,1.1647217916168324,1.1647217916168324,6.892045704887143,0.5838798326690647,1.1647217916168324,26.55744336971514,111.30556098564828
35,Drinking Water,HARNETT REGIONAL WATER NC,217.5,35.41462,-78.81106,8.294756112913237,4.851909717348179,13.29212652826482,13.29212652826482,0.9479321501414582,32.55027805216992,1.1648564263277215,43.26049324745329,53.960682354214114
36,Drinking Water,CFPUA/NHC NC,207.8,34.24043,-77.86741,4.4477705423520195,9.542596284648745,1.1647217916168324,1.1647217916168324,6.892045704887143,0.5838798326690647,1.1647217916168324,26.55744336971514,111.30556098564828
37,Drinking Water,FAYETTEVILLE PUBLIC WORKS COMM,191.9,35.03362,-78.87073,4.923248254708933,1.0018710099583739,0.7591928295925326,0.7591928295925326,1.7884429100385815,6.367267607410163,0.7649111451464247,27.355320170095602,21.51606274574088
38,Drinking Water,HARRIS NUCLEAR PLANT WATER SYSTEM,172.5,35.63287,-78.95422,14.431045693537973,0.49729582685219537,4.38382827652793,4.38382827652793,8.350816750922528,51.578598762368074,13.737120000922102,30.56776563650474,31.342984551532563
39,Waterways,NH-558 NR WILMINGTON  NC CASTLE HAYNE,158.1,34.29945,-77.80233,9.552247268576865,8.933028058961098,6.114134011629009,6.114134011629009,11.21586013955258,8.308394066979325,8.162549890711407,35.00073778048908,112.4456039227253
40,Drinking Water,BLADEN CO WTR DIST-WEST BLADEN NC,144.5,34.53779,-78.7958,1.984313839545284,16.078114189930417,3.5320991382626588,3.5320991382626588,18.948925487765813,33.45684325149765,18.47651375199354,73.74156552235789,34.04326144346236
41,Drinking Water,TOWN OF CARY NC,110.6,35.79154,-78.78112,9.868822059674299,0.8020590085130537,1.1429213033322656,1.1429213033322656,8.495749446074797,72.02701534350872,6.722301910041433,8.4570781989028,13.13429888265562
42,Drinking Water,BLADEN CO WTR DIST-EAST BLADEN NC,107.4,34.53411,-78.78699,1.8793048129928218,16.934629702017077,4.4355577186890995,4.4355577186890995,18.630556242034842,33.96433355599195,19.008135412506608,74.45963420757447,34.5509598248921
43,Drinking Water,AURORA WATER SYSTEM NC,104.3,35.75957,-79.0193,20.576708356477074,4.786770188379618,13.011450843079738,13.011450843079738,8.536447465828433,65.4198066062616,9.64245549892925,24.86608723262266,22.069032480558857
44,Waterways,CLEAR CREEK AT SR3181 NR MINT HILL  NC,103.0,35.20833,-80.58,9.86382382747899,2.163721259959169,5.204525338807254,5.204525338807254,3.2484170880349064,32.09221946825791,13.35825030600663,31.780756371489733,111.30613151035827
45,Drinking Water,CITY OF GREENSBORO  NC,100.8,36.07264,-79.79198,10.849877775926501,6.764692243443823,2.6496846841173776,2.6496846841173776,5.388237217661808,13.051512659115488,2.8276856433957094,34.6343138627261,15.556282653517233
46,Waterways,Yadkin River,98.1,36.21492,-80.96029,8.269074711714437,2.7704254177340495,3.568782020354182,3.568782020354182,2.1169911150570755,31.617167159803255,16.777342685646083,74.33176663826328,90.69835371655981
47,Drinking Water,ORANGE WATER & SEWER AUTHORITY NC,91.4,35.90846,-79.08059,3.634415096955874,6.467144152837997,2.988563341594111,2.988563341594111,5.008801662407521,79.49255621093945,16.220546836526875,27.65293290842434,18.964109817998935
48,Waterways,BOLIN CREEK AT VILLAGE DRIVE AT CHAPEL HILL  NC,90.0,35.92231,-79.066,1.9997365376130483,5.130935684624128,2.1751215008395803,2.1751215008395803,4.435738988595176,80.30438099034501,14.677947909785516,26.664142113945875,17.63434679454769
49,Waterways,BRIAR CREEK NEAR CHARLOTTE  NC,90.0,35.23611,-80.77111,15.61368845960051,3.4155560585958753,3.0547516120817004,3.0547516120817004,11.819324547116814,17.435748404650695,2.9874089017168677,14.57491933686067,118.39969499858277
50,Waterways,CAMPBELL CREEK NR CHARLOTTE  NC,90.0,35.18667,-80.73667,15.256640674353546,3.0600537564211088,8.23123212537256,8.23123212537256,10.24299518499399,17.797719542302005,4.562317701037999,17.84112490498174,120.9734353429523
51,Waterways,ELLERBE CREEK NEAR GORMAN  NC,90.0,36.05931,-78.83251,20.302057903857197,1.9401342838445272,3.4966090599592996,3.4966090599592996,19.11840177539395,98.37347834231467,4.303719853871821,21.88376299689926,16.180575791906875
52,Waterways,ENO RIVER AT HILLSBOROUGH  NC,90.0,36.07111,-79.09556,14.75895194680063,1.4673757588280762,0.8689008572250108,0.8689008572250108,17.080378292735052,74.69806895707512,13.581802545374963,28.22209197761857,26.53799226011967
53,Waterways,FLAT RIVER AT BAHAMA  NC,90.0,36.18278,-78.87889,14.11063129555753,10.999309455523536,7.63830720625014,7.63830720625014,19.544655970537754,94.15389639949099,10.014856372715679,36.21155631168337,29.559076420671136
54,Waterways,GOOSE CREEK AT SR1525 NR INDIAN TRAIL  NC,90.0,35.125,-80.60278,1.288454174963265,10.246146194819241,7.069311306603707,7.069311306603707,2.221043484750325,28.850642876985088,6.184966115358315,31.394540744776194,120.41008686965965
55,Waterways,IRVINS CREEK AT SR3168 NR CHARLOTTE  NC,90.0,35.15861,-80.71333,12.008128129575098,1.7912184679459153,4.7166623063207975,4.7166623063207975,7.184000712491339,19.046789712703564,7.642781565324882,20.675866202708423,122.36420771017202
56,Waterways,LITTLE HOPE CR AT SENECA PLACE AT CHARLOTTE  NC,90.0,35.16444,-80.85306,9.385502996993624,5.304563324667139,2.6828343014532345,2.6828343014532345,19.846764688943203,7.1632268867385624,2.074400291610347,9.02855530064735,129.26277936293087
57,Waterways,LTL SUGAR CR AT MEDICAL CENTER DR AT CHARLOTTE  NC,90.0,35.20361,-80.83694,9.390410791959983,3.559054313580908,3.2260965440048723,3.2260965440048723,18.053230809484305,10.927801723384487,2.8447652647685393,8.540578145142504,124.94168991096045
58,Waterways,MARSH CREEK NEAR NEW HOPE  NC,90.0,35.81694,-78.59306,13.93036265654531,2.0094918946868088,2.2966910443321633,2.2966910443321633,1.814150079283289,81.12966929541557,1.923126786949447,17.57824546466783,24.131709460030365
59,Waterways,MCALPINE CREEK AT SR3150 NR IDLEWILD  NC,90.0,35.17583,-80.71917,13.284047787384546,1.7823954089480771,6.683163086719942,6.683163086719942,8.288479713164753,18.939858647704643,5.677470290492823,19.646958186030638,121.06553407360646
60,Waterways,MCKEE CREEK AT SR2804 NR WILGROVE  NC,90.0,35.25389,-80.64806,15.795211861324955,1.00402425495749,7.093317560424273,7.093317560424273,8.96957577000116,28.266189479855253,7.643684536378849,25.921133058310037,110.25769971644647
61,Waterways,MCMULLEN CR AT SHARON VIEW RD NEAR CHARLOTTE  NC,90.0,35.14083,-80.82,13.345965157656835,7.347239429259119,6.053822503898571,6.053822503898571,16.735789219388156,9.162508638755808,2.77365531189146,13.018281767786792,129.532753876619
62,Waterways,MIDDLE CREEK NEAR CLAYTON  NC,90.0,35.57083,-78.59056,11.30533499725834,13.545280768610098,14.59245524522657,14.59245524522657,1.6335384036837524,58.507008253529236,14.59245524522657,37.07215984777142,42.94369105902162
63,Waterways,MORGAN CREEK NEAR CHAPEL HILL  NC,90.0,35.89333,-79.01972,6.887116834734703,7.758565640076771,3.0959348744306214,3.0959348744306214,0.8413382416060979,80.2927068961722,11.516749945906113,21.98245569123809,13.71533337361784
64,Waterways,MOUNTAIN CREEK AT SR1617 NR BAHAMA  NC,90.0,36.14972,-78.89667,16.30168904548735,12.427284695598061,7.661710282150227,7.661710282150227,23.52706020571081,92.37850656556644,7.268448911940851,33.14745619503666,25.981430598403566
65,Waterways,N BUFFALO CR AT WESTOVER TERRACE AT GREENSBORO  NC,90.0,36.07917,-79.81278,10.164852862621746,8.031208206225381,2.527184246003589,2.527184246003589,6.439797770088876,11.048921871958397,2.0105365074345958,36.44695293477714,13.688333613076045
66,Waterways,REEDY FORK NEAR OAK RIDGE  NC,90.0,36.1725,-79.95278,5.976726637391824,3.078453155336321,7.709994013127647,7.709994013127647,19.578749903907013,6.322766960455616,7.605516731245783,49.632366656160734,10.825287467185136
67,Waterways,SANDY CREEK AT CORNWALLIS RD NEAR DURHAM  NC,90.0,35.98322,-78.95681,11.264038470985167,3.7566542953821385,2.973942492450019,2.973942492450019,7.176577736606827,88.3381637908067,6.898075322620298,20.620677313468924,10.71551110443487
68,Waterways,SOUTH BUFFALO CREEK NR POMONA  NC,90.0,36.04944,-79.85528,9.464724600599618,4.853074048610813,0.7980237173711054,0.7980237173711054,11.006271447311839,10.05446167746674,1.6463926751305904,40.57469454041529,10.286612069184754
69,Waterways,STEWART CREEK AT STATE ST AT CHARLOTTE  NC,90.0,35.24028,-80.86833,7.329245004203624,3.0365705334584674,0.3092940321891519,0.3092940321891519,17.22261311910162,9.386613695553864,0.23421471847498285,6.187186221159918,123.64581815113311
70,Waterways,SWIFT CREEK NEAR APEX  NC,90.0,35.71889,-78.75222,11.96519555595294,5.8622308116349044,7.623069030162019,7.623069030162019,0.048209441492514035,65.22909154442029,4.990148979466137,16.690495538197545,21.59234024943323
71,Waterways,THIRD FORK CR AT WOODCROFT PARKWAY NR BLANDS  NC,90.0,35.92264,-78.95242,10.761083970602044,9.267628506606007,5.830962416480284,5.830962416480284,0.4877194229426233,83.71204035125524,4.657967152942678,16.879272990446275,7.422866046540782
72,Waterways,TORRENCE CR AT BRADFORD HILL LN NR HUNTERSVLLE  NC,90.0,35.40361,-80.88278,8.438657247568349,4.293374424861336,2.692242974926348,2.692242974926348,12.26309538917361,6.77245272528718,3.0356594566115835,21.27816516970182,111.55693669092693
73,Waterways,W. BR ROCKY R B MTH OF S PRONG R NR CORNELIUS  NC,90.0,35.46778,-80.79028,6.424892936855392,5.923737251837795,5.39364089948862,5.39364089948862,1.256898330781166,14.852472640129122,6.8247149872975115,30.70779103347306,100.55702833535645
74,Drinking Water,CITY OF WINSTON-SALEM  NC,85.2,36.09986,-80.24422,3.995659283999477,3.0416086680547045,1.9719280919949456,1.9719280919949456,3.1548246260196526,28.7939929971625,2.6998428996739583,56.339849764706784,25.23157198170868
75,Drinking Water,TOWN OF SMITHFIELD NC,84.9,35.50849,-78.33945,5.762291511385948,1.1079660987403674,0.5186330064660784,0.5186330064660784,1.0522845855680274,67.91079608273047,1.182894658374348,38.06806585944028,62.75133146942614
76,Drinking Water,CITY OF HIGH POINT  NC,83.7,35.95569,-80.00532,16.859691032186195,6.511543908792277,0.6816507511460246,0.6816507511460246,5.019517716137217,19.692835901201803,1.9466237511091868,56.01322047357675,13.822397781178754
77,Drinking Water,INTERNATIONAL PAPER COMPANY NC,72.0,35.75957,-79.0193,20.576708356477074,4.786770188379618,13.011450843079738,13.011450843079738,8.536447465828433,65.4198066062616,9.64245549892925,24.86608723262266,22.069032480558857
78,Drinking Water,CITY OF BURLINGTON  NC,67.6,36.09596,-79.43725,5.897549688423405,8.807994487026292,1.9893172197066267,1.9893172197066267,4.120213843008453,43.87369821279285,1.0589647065100591,2.652273610877331,47.48031038151807
79,Drinking Water,JOHNSTON CO-WEST NC,66.6,35.44035,-78.38422,11.092924509700596,8.607376136893336,2.1094346051608315,2.1094346051608315,3.539585397646355,59.469295683820924,8.336091390161286,39.09263561868704,65.6158438362636
80,Drinking Water,CHATHAM CO-NORTH NC,65.4,35.69784,-79.29021,21.61380245276806,5.733620227489328,10.339362891916236,10.339362891916236,7.711206081678814,63.802379617288345,5.343092657533593,45.746471715613986,45.034348820938135
81,Drinking Water,TOWN OF SILER CITY NC,62.8,35.72347,-79.46224,17.401786434306043,18.16261420130025,1.435905884499377,1.435905884499377,3.088530180004941,60.677290112259485,1.6100962771152958,41.939595674738676,57.54949059384242
82,Waterways,BE-116 NR WINDSOR  NC UPPER CAPE FEAR,60.0,35.9779,-76.95266,24.31005384577332,17.04316534122142,19.707820475636797,19.707820475636797,33.339886571757795,89.88530750167395,5.984829355101838,89.16123189014635,170.20859972864676
83,Waterways,BE-117 NR AULANDER  NC UPPER CAPE FEAR,60.0,36.21441,-77.12928,10.19349480420938,11.859023233542349,10.709585669592522,10.709585669592522,30.08613474161819,75.1041143380985,12.747075841979886,85.30876748863173,149.52002272563638
84,Waterways,BO-464 CITY OF WASHINGTON-6,60.0,35.52494,-76.96111,9.475187433858025,9.683500281860743,6.897852555436647,6.897852555436647,25.98476675468278,71.56115906386692,26.119536504470243,68.69259860800511,174.73689083871344
85,Waterways,PA-184 PAMLICO COUNTY VANDEMERE 1,60.0,35.18861,-76.68,35.295588644384225,15.496159255665471,22.833511856791397,22.833511856791397,17.73021084539337,38.18976152348738,36.58260187171576,36.1300035538465,200.33868049422614
86,Waterways,PE-125 NR SURF CITY  NC CASTLE HAYNE,60.0,34.45775,-77.56584,4.8634590894903935,1.9772137340603433,4.439804741567224,4.439804741567224,26.966466354348444,36.16686837353965,6.232816516372114,24.807612884466074,124.02870607252987
87,Drinking Water,TOWN OF SELMA NC,59.4,35.53655,-78.28444,9.559018329064925,6.432826919031425,3.3233805099006988,3.3233805099006988,6.477702837602069,73.47020249791021,2.4194299077579395,35.47781835357149,64.41886877339435
88,Drinking Water,NEUSE REGIONAL WTR & SWR AUTH NC,58.2,35.89737,-78.56917,15.898612028437553,1.4989326790285682,0.7669600591534114,0.7669600591534114,3.866106998124813,90.07042275128174,1.6726974216759454,19.087219762302805,24.468025268967974
89,Drinking Water,PIEDMONT TRIAD REGIONAL NC,57.7,35.75957,-79.0193,20.576708356477074,4.786770188379618,13.011450843079738,13.011450843079738,8.536447465828433,65.4198066062616,9.64245549892925,24.86608723262266,22.069032480558857
90,Waterways,SA-134 NR CLINTON  NC,56.7,34.99083,-78.28417,7.0124238315460135,4.587660304238867,1.1761780260983508,1.1761780260983508,12.460327186651448,47.263877604186256,1.0837277732657247,49.09835872829598,53.21271950819549
91,Waterways,YD-203 NR BOONVILLE  NC MAFIC GNEISS,56.7,36.23023,-80.69953,9.820077665638658,7.312211442006796,7.827444606510205,7.827444606510205,12.001668506925197,54.86561796885812,12.683054273909018,66.73012821837945,68.14924088507613
92,Drinking Water,CITY OF LUMBERTON  NC,56.6,34.61822,-79.00864,4.788158901662922,2.1888758790094163,1.407881116781213,1.407881116781213,24.775709503464547,28.87189985852984,2.999080394472419,58.908775164805746,29.317500827372672
93,Drinking Water,CITY OF ASHEBORO  NC,53.4,35.70791,-79.81364,9.43580736996682,2.3942680206087266,2.462017706055922,2.462017706055922,6.323087368384552,46.93973348964128,2.1820947521064324,56.7266849217684,43.10497580679193
94,Waterways,Oconaluftee Overlook M97S1,50.0,35.60802,-83.43569,59.475344292242774,20.585487003934464,21.725715518519422,21.725715518519422,175.50271804501932,63.86896619385971,17.355700069820006,55.780547713405845,53.264455170096106
95,Drinking Water,SOUTH GRANVILLE WTR&SEWER AUTHORITY NC,49.4,35.75957,-79.0193,20.576708356477074,4.786770188379618,13.011450843079738,13.011450843079738,8.536447465828433,65.4198066062616,9.64245549892925,24.86608723262266,22.069032480558857
96,Drinking Water,CITY OF GOLDSBORO NC,48.2,35.38488,-77.99277,5.808161278758589,3.8808841368262694,3.1391739568574524,3.1391739568574524,3.127360669722181,83.48155206302361,9.13440971433603,4.610127749052951,95.6259399868874
97,Drinking Water,CITY OF WILSON  NC,47.8,35.72583,-77.91112,7.235842632394823,4.980554877564876,2.342989097522017,2.342989097522017,5.3569882097859525,111.94998879022438,0.7351780630797501,42.24276090487319,86.02128321669693
98,Drinking Water,CITY OF SANFORD NC,44.6,35.47988,-79.1803,13.294429500576634,4.435699969176841,2.631745853864603,2.631745853864603,11.004807586579716,37.61680915977474,4.259287704453917,38.353364826246484,55.81290421393668
99,Waterways,CB-156 NR HARRISBURG  NC FELSIC INTRUSIVE IGNEOUS,43.7,35.31778,-80.60194,12.669958480912198,2.326046300565862,2.316394402644033,2.316394402644033,3.848906782743982,33.91595936541429,2.316394402644033,31.830532757468315,102.02695865191156
100,Waterways,CR-543 COVE CITY RS R23x2 CASTLE HAYNE,43.0,35.17211,-77.31107,16.47074861041033,7.373583609780535,3.0412159971143753,3.0412159971143753,15.78215757599579,48.67231120015678,7.8779865525135016,48.50618394322555,143.90355815939813
101,Drinking Water,PILGRIM`S PRIDE WATER SYSTEM NC,42.2,35.75957,-79.0193,20.576708356477074,4.786770188379618,13.011450843079738,13.011450843079738,8.536447465828433,65.4198066062616,9.64245549892925,24.86608723262266,22.069032480558857
102,Drinking Water,TOWN OF WADE NC,34.0,35.16298,-78.73593,18.913418852983316,12.352317409874308,11.377195747000846,11.377195747000846,8.746186552192873,16.143237743019366,17.957015287146863,37.21701088366886,36.911471011122934
103,Drinking Water,TOWN OF PINE LEVEL NC,32.3,35.51322,-78.24444,13.504915115482815,9.536478293555264,5.545921864772844,5.545921864772844,7.63714431098287,73.93022802395548,5.545921864772844,31.02444122122434,68.86537954694441
104,Drinking Water,CITY OF BESSEMER CITY  NC,31.5,35.28478,-81.28392,15.387750933230501,2.16997449665854,2.057941649027214,2.057941649027214,50.380935466670316,22.160106480681733,4.236335953017361,33.05971643856348,148.0658278938783
105,Drinking Water,CITY OF CONCORD  NC,30.2,35.40875,-80.57951,12.009807518480294,3.2330598645194186,3.085425399363001,3.085425399363001,6.816444642894055,25.241651702530657,2.0021379908934662,26.955581072568183,92.59900970337631
106,Waterways,AM-222 NR OSSIPEE  NC FELSIC METAIGNEOUS,30.0,36.16725,-79.51095,13.546665293574419,8.81822132472464,7.315039990421724,7.315039990421724,0.6412570618285969,37.51619749408272,6.375773810918678,12.038704762130575,42.03793424344907
107,Waterways,BE-115 NR WINDSOR  NC UPPER CAPE FEAR,30.0,36.20658,-76.86251,29.464130060784758,19.72918711657659,11.502532003545717,11.502532003545717,52.802383239137896,63.270202095180814,14.608584389740376,66.13472874662229,156.65603796955122
108,Waterways,BK-128 NR NEBO  NC MAFIC GNEISS,30.0,35.76038,-81.90683,10.337539884400575,12.443852774125357,11.508003047106866,11.508003047106866,56.55677710008552,69.22824849168875,11.506484347170135,91.10575763355196,178.3390512080272
109,Waterways,BL-072,30.0,34.83489,-78.82558,6.267595706752795,8.917025588355854,0.4570223519067765,0.4570223519067765,0.7450094106063101,1.1405151257791086,1.436413769502024,44.318283667038045,1.436413769502024
110,Waterways,BL-094,30.0,34.65156,-78.72418,12.394899391806888,11.45719669027439,8.806556027427721,8.806556027427721,5.035242747441699,23.057387133080244,10.051795170055767,66.10828623712776,23.61402670956822
111,Waterways,BL-121 IN ELIZABETHTOWN  NC,30.0,34.62406,-78.60029,3.256589363648119,1.4734558166331773,1.288776825664869,1.288776825664869,0.9556363364870416,32.09952014912134,1.7623060116117084,75.51772357293856,32.58497051453094
112,Waterways,BL-227 NR WHITE LAKE,30.0,34.64864,-78.53253,6.936776482589491,6.576899157039246,7.32836502892147,7.32836502892147,2.2184791837973212,34.86578800060289,7.931773971086343,77.77799939202987,35.28264215216485
113,Waterways,BL-263 NR TARHEEL  NC,30.0,34.8348,-78.82567,6.275664901847038,8.904748485179491,0.4511974140754158,0.4511974140754158,0.7434319394716049,1.1342280608798603,1.4350033298472444,44.32049627805984,1.4350033298472444
114,Waterways,BO-384 BATH RS O17I2 NEAR BATH  NC,30.0,35.47572,-76.78327,26.317168870489773,7.024258453517365,10.934575351060477,10.934575351060477,42.92245119773593,66.45341842439612,36.26093041488817,63.54395155801243,191.69517150092645
115,Waterways,BO-418 LU-10A NEAR PANTEGO  NC,30.0,35.59628,-76.79247,18.533775744200756,15.245793832457258,21.935550878123152,21.935550878123152,38.88049456752061,79.70248778342406,24.884520954837893,76.73538351180761,187.89443420101466
116,Waterways,BO-438 LU-14A NR CHOCOWINITY  NC SURFICIAL,30.0,35.42917,-77.02389,15.83695833023133,14.563615834086162,13.777344675908655,13.777344675908655,28.095295954043124,61.63695763950897,14.642934043100524,59.06098833585482,172.2600617354694
117,Waterways,BO-443 BEAUFORT CO. DISTRICTS VI AND VII-1,30.0,35.29194,-76.86139,29.538686367129234,12.895256728384705,12.104276336418591,12.104276336418591,26.511395482350327,45.558726877266125,26.98326699063894,42.487962615133966,186.79005806832507
118,Waterways,BO-446 BEAUFORT CO. DISTRICTS VI AND VII-62,30.0,35.44889,-77.05528,13.475295219155282,11.831437678967749,11.816598720424338,11.816598720424338,24.608937341152163,64.32404432028112,14.15946326702884,61.8563818150277,168.8782466120314
119,Waterways,BO-448 BEAUFORT CO. DISTRICTS VI AND VII-64,30.0,35.4775,-77.06861,10.422504887248069,8.573910135011488,9.125093105267283,9.125093105267283,21.373431750143837,67.68787579198852,16.17778895017107,65.23999530872914,166.77906381366122
120,Waterways,BR-279 SPMT 44-A SOUTHPORT  NC CASTLE HAYNE,30.0,34.00624,-77.98581,11.49551578691044,5.062310256221048,6.937898996280236,6.937898996280236,5.4244251682953175,28.728886336386356,6.937898996280236,1.7676419822506462,121.47108458006905
121,Waterways,BU-112 NR BLACK MOUNTAIN  NC QUARTZITE,30.0,35.61487,-82.28919,27.798447813113473,2.3061434629933464,2.6863509487872532,2.6863509487872532,89.22065271103213,97.13718745841818,4.868630927765178,94.51336841759145,153.28311280726118
122,Waterways,CA-087A LU-03A NR SOUTH MILLS  NC SURFICIAL,30.0,36.42417,-76.27556,20.557988229140275,20.469489481597055,7.250732650204424,7.250732650204424,109.95041189289621,36.15584474707142,7.250732650204424,15.02077564668031,161.74442360874542
123,Waterways,CH-251 NR PITTSBORO  NC FELSIC METAVOLCANIC,30.0,35.68537,-79.15526,12.736584527168784,11.702890255426135,2.927374045686701,2.927374045686701,5.345014178585558,58.65122813738772,6.943270172799062,39.620857553229406,36.38868911455812
124,Waterways,CR-685 CITY OF HAVELOCK-5,30.0,34.85694,-76.89083,4.888910035475902,3.6640926676628505,3.7292424468448804,3.7292424468448804,7.014324440681154,3.3594262021630446,10.977782929233587,5.960379350171616,177.76289362943203
125,Waterways,CR-708 FIRST CRAVEN SANITARY DISTRICT-1,30.0,35.12139,-77.00556,6.5169746543043665,5.819103800617828,2.186475459794417,2.186475459794417,3.6149084659519013,27.928342799747174,20.43695780065248,25.91575208470009,169.8832041944338
126,Waterways,CR-715 TOWN OF RIVER BEND-1,30.0,35.07222,-77.14694,9.735346099136482,9.757859850603968,7.788409072327223,7.788409072327223,10.51597867311352,30.16538106502353,12.413956276606017,29.899788848922555,156.29525919313502
127,Waterways,CS-148 NR YANCEYVILLE  NC MAFIC GNEISS,30.0,36.39329,-79.44998,5.420048568419222,8.821080618313715,10.534493100231218,10.534493100231218,18.82973403294895,52.27668255371371,8.150686569248597,33.044820555220674,58.150324453275026
128,Waterways,CT-153 NC-139 CAMP GLENN RS X17j5 CASTLE HAYNE,30.0,34.72333,-76.75333,8.561499604443053,13.152476590527362,4.887001348191312,4.887001348191312,25.992126321704156,3.2717952664772216,10.005018806523372,24.011037917904883,190.9117594736015
129,Waterways,CT-203 BOGUE BANKS 2,30.0,34.66722,-77.02556,2.5653518355244347,2.247633231777633,17.003865901502667,17.003865901502667,29.735870207747062,26.184834459926616,13.747533324656018,29.929133433993915,166.78631269331373
130,Waterways,CT-206 NR MERRIMON  NC CASTLE HAYNE,30.0,34.94364,-76.64301,22.145158527767098,18.012000096347748,14.424184875037382,14.424184875037382,10.91642982457739,21.76410129479187,27.622870299993338,22.35923785156865,200.58169792426264
131,Waterways,DU-134 NC-224 ROSE HILL RS V32v3 CASTLE HAYNE,30.0,34.84767,-78.02221,14.340427164572743,4.051770744198051,1.4462041327326451,1.4462041327326451,14.419359723315903,68.75970260129037,29.785213602507113,55.936227394674475,74.52292174608577
132,Waterways,ED-125 CITY OF PINETOPS NEW WELL 4,30.0,35.7646,-77.63942,21.103070031843522,9.20532566976987,14.081148109260265,14.081148109260265,5.723477029447778,118.29848220808546,19.279350585242874,54.96234911494714,109.33447994732946
133,Waterways,ED-193 NEAR PINETOPS  NC,30.0,35.76475,-77.63897,21.07218660293807,9.16438173530864,14.051922808251666,14.051922808251666,5.6818803876143535,118.28944497928775,19.24983324755493,54.998376308321646,109.37228020211806
134,Waterways,GA-067 SUNBURY RS  C15S7  AT PLYMOUTH  NC,30.0,36.44626,-76.60412,44.04978524835448,9.942669915325352,21.114274224245165,21.114274224245165,83.6184851538744,31.708406693953776,29.16256102621284,32.60026536376223,142.50636928844338
135,Waterways,GM-023 NR SANTEETLAH  NC QUARTZITE,30.0,35.36765,-83.85392,18.649996460473343,6.867884033991357,18.82882283102444,18.82882283102444,221.08522249791406,44.896058510555264,21.527539408374803,51.22481986494233,50.483993277167535
136,Waterways,GR-165 LU-S15A NEAR HOOKERTON  NC,30.0,35.45067,-77.50681,13.075658746622791,14.50121506774495,8.962219072007013,8.962219072007013,2.0519109406003455,83.25295362286901,16.349913680784802,43.29671169040088,130.41306486503936
137,Waterways,GV-155 NR STEM  NC FELSIC METAIGNEOUS,30.0,36.17841,-78.79728,19.90517557464228,3.8842051064634227,0.496670072756559,0.496670072756559,17.511676460925752,101.43339606289808,6.518775817470743,34.61048173388262,29.794828256318873
138,Waterways,HF-101 NR WINTON  NC UPPER CAPE FEAR,30.0,36.37883,-77.03187,15.16268971478151,5.603047791799227,11.999901659231229,11.999901659231229,47.16177059262091,55.7130122838055,12.322330023795045,65.67001699365491,133.7760925693885
139,Waterways,HY-173 LU-S9C NEAR FAIRFIELD  NC,30.0,35.53928,-76.18192,48.94263402826616,17.751777496892892,30.071245086090453,30.071245086090453,73.60829002487236,74.03203298857285,69.56687186655391,94.70089440818978,243.3448425406065
140,Waterways,HY-192 NR SWANQUARTER  NC CASTLE HAYNE,30.0,35.63018,-76.55974,14.912355092059697,8.613970584697862,21.708240475211312,21.708240475211312,59.78572712589121,85.34796412282904,34.861823998607015,85.31350267877431,207.97057502547153
141,Waterways,IR-190 NR STATESVILLE  NC MAFIC GNEISS,30.0,35.87382,-80.92498,11.762596130112438,14.269028076826478,7.2823012295131395,7.2823012295131395,14.503450614295806,44.16422218449907,7.496110743900347,44.04660036979543,89.25063867876585
142,Waterways,JO-075 LU-S20B NEAR MAYSVILLE  NC SURFICIAL,30.0,34.94178,-77.27625,9.920692714532708,3.075663975999799,16.460396923063005,16.460396923063005,28.108819761626705,34.03437985545291,6.313034347369478,35.48571730885406,142.94421658944748
143,Waterways,JO-076 MAS 21 AT POLLOCKSVILLE  NC,30.0,35.00333,-77.21972,4.7170044961022475,8.436739362644467,15.219526889740909,15.219526889740909,19.89408352434993,31.253034749965277,11.731178516428647,32.22046550822756,148.69979852331895
144,Waterways,LN-216 NORTH LENOIR 11,30.0,35.30167,-77.72917,11.262141775147162,1.7123593094140832,3.1877016182325515,3.1877016182325515,1.1538279899494945,87.88986658259907,12.182379044483316,22.27648044287603,113.18524583509162
145,Waterways,LN-222 NORTH LENOIR 17,30.0,35.38361,-77.50194,11.470286229844382,7.147646936715808,6.306988357681953,6.306988357681953,6.744320011330163,77.45586015707033,11.344197860450546,42.42353659195233,133.88636211402817
146,Waterways,MD-062 NR MARSHALL  NC FELSIC GNEISS,30.0,35.85599,-82.67018,47.72817579722317,6.1518973149221905,3.711058284172714,3.711058284172714,101.14535680789375,120.01082605138471,14.7325698050926,74.49271270785653,117.23961123192565
147,Waterways,MR-462 NR JAMESVILLE  NC CASTLE HAYNE,30.0,35.81062,-76.90336,12.92759556529619,10.091715321607785,11.49336354308673,11.49336354308673,32.03993805761375,103.17831128197396,2.4169573980970567,100.12282330046337,174.8848422969118
148,Waterways,MR-463 NR JAMESVILLE  NC CASTLE HAYNE,30.0,35.83135,-76.81137,5.204631360073181,2.7949598595045204,3.583379741137987,3.583379741137987,40.546598395718355,102.02919661405353,6.368142418067081,94.50014868471114,183.02880844032344
149,Waterways,NA-218 NR SPRING HOPE  NC FELSIC METAVOLCANIC,30.0,35.95228,-78.10958,21.213600103539026,7.286104109296063,0.743477505087544,0.743477505087544,5.260675863689354,119.08588509424085,11.324456789609258,60.914612962477676,66.10442835395999
150,Waterways,ON-308 MAS 14 NR DIXON  NC,30.0,34.56667,-77.48944,7.595854412063178,15.68081322218095,9.903142573532898,9.903142573532898,24.587379320725542,49.61024487304626,17.850076279335948,10.865459716658718,127.08844947276174
151,Waterways,ON-309 MAS-25 AT HUBERT  NC,30.0,34.71222,-77.23278,18.7014704524681,6.6689556702685,2.880908698628841,2.880908698628841,37.17918291004951,35.04426014034367,7.43144812411641,18.51174127441171,147.38810565448154
152,Waterways,ON-418 CITY OF JACKSONVILLE BP2,30.0,34.79269,-77.42933,9.246239853836311,4.9960540614828925,3.8359994379548206,3.8359994379548206,31.80009061424091,48.44219690328187,4.77493415367493,16.50573480703745,128.78358759711125
153,Waterways,PA-176 PAMLICO COUNTY GRANTSBORO 1,30.0,35.08694,-76.8375,18.52313929619272,10.005594117387774,17.862063625191574,17.862063625191574,14.025690231227609,22.945417384400656,18.86013054738742,20.107764516608206,184.38962200591797
154,Waterways,PE-097 MAS 10 NR HOLLY SHELTER NR WALKERS  NC,30.0,34.55222,-77.8125,24.310162882342016,13.426428303748509,20.440828913789865,20.440828913789865,10.108375498267568,34.63058161337396,13.024079225871352,37.56232389005243,99.20039701116548
155,Waterways,PE-123 NR TOPSAIL  NC CASTLE HAYNE,30.0,34.38327,-77.71513,20.714630867467797,8.21853690492513,8.337405587443333,8.337405587443333,16.78851951148083,20.59462494618901,9.925290775783004,39.83119348821032,114.78227926759439
156,Waterways,PI-652 BELL ARTHUR CORPORATION 5,30.0,35.54917,-77.48139,7.21261405510882,6.536731665835763,11.38243137205402,11.38243137205402,6.956743195451103,90.47506735412355,8.664189947156977,49.37930543423666,128.7432993381304
157,Waterways,PI-653 BELL ARTHUR 6,30.0,35.7125,-77.52139,14.347094025806141,9.176573654095298,14.282083615995395,14.282083615995395,9.045483228092678,107.66356905046985,15.954712220788121,57.167603937887094,120.78226207876112
158,Waterways,PI-705 NR GRIFTON  NC CASTLE HAYNE,30.0,35.36779,-77.38512,12.683097371644225,9.80311510113041,5.565023890754327,5.565023890754327,4.550293201541828,69.10953332785772,19.972648212491563,52.88636981044404,144.22038685956196
159,Waterways,PO-025 NR COLUMBUS  NC FELSIC GNEISS,30.0,35.26191,-82.21392,20.328641976407123,5.531168300565925,17.88261857881031,17.88261857881031,118.55069705414343,59.479196441013904,5.294512297778123,56.84659144228997,170.2170383988948
160,Waterways,RA-175 NR SOPHIA  NC ARGILLITE,30.0,35.76972,-79.89139,13.312848181960376,7.383478997519365,6.229846385935059,6.229846385935059,7.657644797813165,39.10404014518429,6.956027379054129,56.81795842512125,34.65812272058574
161,Waterways,SA-142 IN TURKEY  NC,30.0,34.99469,-78.18056,16.42832451121501,13.323238112677862,3.012673798641058,3.012673798641058,16.05957797839402,56.639069063899335,10.372220066262889,43.86081182009866,62.374187942396
162,Waterways,SA-144 IN ROSEBORO  NC,30.0,34.95861,-78.50472,13.399622643550476,4.840125821527988,16.913692737601092,16.913692737601092,11.47334017350371,28.081508441374563,18.652103911398825,61.45265778644381,33.115674608312034
163,Waterways,ST-252 NR ALBEMARLE  NC METAVOLCANIC,30.0,35.37659,-80.07382,8.424846969001772,10.659220619787126,9.16110253702726,9.16110253702726,1.1866053780722674,50.6126502289811,5.911466893910772,50.69636357616248,78.34979780273915
164,Waterways,ST-253 NR OAKBORO  NC ARGILLITE,30.0,35.23526,-80.32778,26.11694003234172,17.66051633789531,1.5195361485462062,1.5195361485462062,6.409277685530415,48.071208209381986,7.646775879950703,49.141223249851,99.02765375406621
165,Waterways,SW-048 NR CHEROKEE  NC QUARTZITE,30.0,35.56801,-83.33915,62.482398183653466,20.093740065386676,20.43638290902134,20.43638290902134,169.41813633030006,73.51674494110851,11.262727044845573,65.57506888785694,63.05907925287824
166,Waterways,TR-067 NR ROSMAN  NC FELSIC GNEISS,30.0,35.14545,-82.8253,21.79970924747854,1.687516994739066,36.90398515204962,36.90398515204962,160.50960476127932,60.35764839603151,19.376099472073076,58.808825056242874,127.37996469134038
167,Waterways,UN-149 NR WAXHAW  NC FELSIC METAVOLCANIC,30.0,34.86933,-80.74819,1.0505093919398785,16.887550090460042,19.170092618650244,19.170092618650244,25.531277084805843,32.97717057565916,16.841724793823904,41.95220764603588,105.14510353757225
168,Waterways,WA-167 WALNUT CREEK 3,30.0,35.30127,-77.86665,9.501426298635264,11.370421462616997,6.442494607399938,6.442494607399938,2.1832698523617133,90.21926234527679,21.21637553031904,10.589916478504213,102.15737421047966
169,Waterways,WA-320 LU-13A NEAR PIKEVILLE,30.0,35.48472,-77.99583,4.252444476763001,1.0539214826978298,14.13551170012506,14.13551170012506,9.142658931664231,89.02946976365882,2.152236899575107,15.330880693358672,89.15135355617812
170,Waterways,WL-419 TOWN OF STANTONSBURG 2,30.0,35.60139,-77.81083,20.72164581279014,13.104710471032826,12.30762225086374,12.30762225086374,1.5180358307161785,110.17853011726737,15.939109996435887,31.485706133305293,98.67313714588549
171,Waterways,WR-155 NR LITTLETON  NC SCHIST,30.0,36.4886,-77.94212,21.449478972644357,17.214500174120293,22.787145750276203,22.787145750276203,23.2875349338481,123.80466316462193,26.76048619582359,61.02180478994521,103.90976198968177
172,Waterways,WS-140 WASHINGTON COUNTY 1,30.0,35.87222,-76.62083,14.326062309509206,5.992000677701965,11.229818579378154,11.229818579378154,58.21302352478336,95.55183085800562,24.090384909807074,82.69417954370141,199.10150276833076
173,Waterways,WS-143 NR PLYMOUTH  NC CASTLE HAYNE,30.0,35.84968,-76.74173,4.709619799543126,1.4645687453036562,3.672946139944931,3.672946139944931,47.054403617541155,98.97291422257119,12.958019685223091,89.62825903178,189.20643732082146
174,Waterways,WT-127 NR SEVEN DEVILS  NC PHYLLITE,30.0,36.15383,-81.80276,8.75705063313899,16.724280524874665,36.863059822519055,36.863059822519055,16.419486805119206,45.0105763823421,11.793806467308025,55.764906152141535,165.3049754572547
175,Drinking Water,CITY OF STATESVILLE  NC,29.5,35.7846,-80.88833,5.795400588273301,6.032569131494916,0.9659248711570074,0.9659248711570074,4.0557650836329895,36.01774666744656,2.870196672730962,36.21416118315795,89.20914050314072
176,Drinking Water,THE VILLAGE OF BALD HEAD ISLAND NC,26.8,33.87371,-78.00153,8.894328302017104,9.659088673042453,7.742146764383408,7.742146764383408,4.59627000753316,43.07369109928568,7.94494696776915,16.281054660138885,132.27555126534753
177,Drinking Water,TOWN OF LIBERTY NC,25.6,35.85347,-79.57169,4.182465528249733,11.445626095672415,3.4070316815238253,3.4070316815238253,15.666342733215023,43.46788843538856,17.56511529722193,30.93645774659979,43.16850762928678
178,Drinking Water,ROANOKE RAPIDS SANITARY DIST,24.6,36.46154,-77.65415,5.539841572962747,1.454347954228834,1.1478879190553293,1.1478879190553293,34.96092697265072,99.7561515191651,2.1417973285055543,67.8809272692979,120.58021579211614
179,Drinking Water,CITY OF RALEIGH NC,24.1,35.77959,-78.63818,17.663265146785967,2.2010409654667655,2.0286107311634307,2.0286107311634307,4.212776637523335,75.57427858361045,1.569130158680402,15.941897399903594,22.600372253236454
180,Drinking Water,TOWN OF NEWTON GROVE NC,24.0,35.24516,-78.35417,29.489215213410368,21.2664231090952,18.1873028851655,18.1873028851655,16.5094038682696,47.27865258419738,7.605377103823647,36.904311437018144,62.9059288577035
181,Drinking Water,CITY OF MONROE NC,23.8,34.98543,-80.54951,7.483183122840033,7.914826566313931,0.8622971108579847,0.8622971108579847,3.6576151967773565,37.373060012778275,0.8921109626341311,43.06045792443789,123.17797373432155
182,Drinking Water,GREENVILLE UTILITIES COMM,23.2,35.61268,-77.43227,4.881046491163054,1.6221330886949121,5.4235297449503586,5.4235297449503586,3.8147341600394338,94.00621263796299,7.127130518647424,56.68342352183696,131.0339259281499
183,Drinking Water,TOWN OF TARBORO NC,22.5,35.89682,-77.5358,4.9687592446350415,3.3199163803883667,1.668280757107599,1.668280757107599,0.482024697157275,125.74735522564058,4.381729506724029,72.38088763039762,117.54715157627673
184,Drinking Water,TOWN OF SIMS NC,21.4,35.76099,-78.05888,8.081568417948771,6.543075997823564,8.740653574697085,8.740653574697085,9.153529805049128,105.69014342015716,14.10627118249431,46.57339054905718,72.14969388566139
185,Drinking Water,CITY OF LINCOLNTON NC,21.3,35.47375,-81.25453,8.588005209714035,5.195715907493134,1.648770406412188,1.648770406412188,43.01622490518963,28.09610415518098,3.002949883403135,41.094065547011574,134.20891533134156
186,Drinking Water,TOWN OF CARTHAGE NC,20.6,35.34599,-79.41697,12.037053890913098,6.543706947072633,17.58725551390153,17.58725551390153,17.34436012074167,41.713286770133,20.845087361602708,34.039543883645024,76.86881867609928
187,Drinking Water,TOWN OF DENTON NC,19.1,35.63347,-80.11588,20.494345834179875,19.455043403168947,16.14680852888824,16.14680852888824,2.9520532982775833,37.953417948887974,19.73639410423237,36.97872694858854,51.01310862774155
188,Drinking Water,ANSON COUNTY WATER SYSTEM NC,18.8,34.90547,-80.18751,16.06756269414844,11.347902634214051,13.770582814409446,13.770582814409446,14.236745959427283,71.23499688910391,7.370411325229586,65.79715916756476,123.2392763767601
189,Drinking Water,CITY OF GRAHAM NC,18.5,36.06791,-79.40039,6.566603651873695,7.682044471909666,2.331878454080183,2.331878454080183,3.7448440128750966,47.469052419955105,1.7945864312706932,3.4188083014294848,50.556884851854015
190,Drinking Water,DAVIDSON WATER INC NC,18.0,35.92028,-80.24732,15.932897546566984,2.8240622850346613,1.4345084937483281,1.4345084937483281,9.393705189790397,36.5626760724851,1.4345084937483281,39.36247004510187,30.714496405330227
191,Drinking Water,ROXBORO STEAM PLANT NC,17.8,36.48411,-79.07405,22.702245920141294,1.03903509170156,0.12379787007608722,0.12379787007608722,32.06446315032253,86.29442318828951,11.402383669956397,52.323012934241156,65.65267527966265
192,Drinking Water,RICHMOND COUNTY WATER SYSTEM NC,17.4,35.00305,-79.78484,12.772843428144474,8.039699081417067,4.712259658171202,4.712259658171202,9.432908654429228,69.34610096422493,7.735781076077064,27.776336335510457,88.09345261873337
193,Drinking Water,CITY OF THOMASVILLE NC,17.0,35.88264,-80.08199,6.374428337912429,2.5464069282427535,0.5542353496800412,0.5542353496800412,4.233957032161672,29.981713316502624,1.795139420357125,47.77214259165636,23.903292222489767
194,Drinking Water,WELDON WATER SYSTEM NC,17.0,36.4271,-77.59553,10.340623598772861,2.5643926685866436,2.9782031562704536,2.9782031562704536,32.933241387065706,96.07669714759169,7.1327130059819455,73.33119789230945,123.72764735372017
195,Drinking Water,TOWN OF MICRO NC,16.9,35.56377,-78.20444,16.9938576832229,14.277652194355861,5.309771182001062,5.309771182001062,3.3698357089051747,80.51242405958246,9.21019405255782,32.10774216405987,68.49332352738939
196,Drinking Water,CITY OF NEWTON  NC ,16.8,35.66986,-81.22147,12.70881575726385,3.0271038870258398,0.8140356059034388,0.8140356059034388,32.285355479623725,36.13417995324727,1.9767392696052923,56.958106411933095,121.86914734201683
197,Drinking Water,CITY OF DURHAM  NC,16.8,35.99403,-78.89862,16.012553833004944,1.916089112772499,2.3162661487386025,2.3162661487386025,9.78429950759343,92.04256629489461,2.3162661487386025,17.779586357539223,8.932853064375927
198,Drinking Water,DAVIE COUNTY WATER SYSTEM,15.7,35.9367,-80.58828,11.926530369658895,8.86347281220226,5.298006700729704,5.298006700729704,9.986461613282698,34.104831063484966,0.9711244414914492,32.71508548765098,58.15226203906994
199,Drinking Water,ROBESON COUNTY WATER SYSTEM NC,15.5,34.63839,-79.10969,5.535186708504949,1.581685900757403,3.2127739941287743,3.2127739941287743,31.902052178039117,33.21143512661312,10.970134648561734,55.22229216104507,33.53739879852387
200,Drinking Water,MARTIN CO REGIONAL WASA NC,14.9,35.75957,-79.0193,20.576708356477074,4.786770188379618,13.011450843079738,13.011450843079738,8.536447465828433,65.4198066062616,9.64245549892925,24.86608723262266,22.069032480558857
201,Drinking Water,MONTGOMERY COUNTY WATER SYSTEM NC,14.4,35.75957,-79.0193,20.576708356477074,4.786770188379618,13.011450843079738,13.011450843079738,8.536447465828433,65.4198066062616,9.64245549892925,24.86608723262266,22.069032480558857
202,Drinking Water,CITY OF REIDSVILLE NC,14.3,36.35486,-79.66447,5.626474623455978,2.0829397840461175,3.0435227147826236,3.0435227147826236,8.777493216458648,34.99489510118568,2.9899023340046864,36.67776476594865,41.12116971675592
203,Drinking Water,CITY OF ROCKY MOUNT NC,13.9,35.93821,-77.79053,12.486181708532737,4.8361548935015835,3.2145485777936376,3.2145485777936376,3.871717079836825,136.4449529677379,3.2145485777936376,67.4752792877621,94.67668802819736
204,Waterways,Cape Fear River,13.7,34.92337,-78.7982,5.3195412162527385,7.8685476442804445,6.635902176077325,6.635902176077325,5.540402363176003,10.297017734712549,9.786794223657715,39.38800067481604,9.786794223657715
205,Waterways,Catawba River,13.7,35.82241,-81.18403,12.049681781090428,3.024225020615811,1.7929096019912132,1.7929096019912132,28.82316042022501,37.347595205285,11.121998020210329,62.62084193407647,113.28491384911773
206,Drinking Water,TOWN OF DALLAS NC,13.5,35.31654,-81.17581,13.16885152681153,3.7322347433295184,2.4184944817309244,2.4184944817309244,40.00632662158397,13.826065862875383,3.3887242474669272,24.979399777330187,138.12736488380327
207,Drinking Water,CITY OF ALBEMARLE  NC,13.1,35.35014,-80.20006,8.996561538274747,6.6836786437250195,1.8909588942553432,1.8909588942553432,8.362498434707042,43.73842392760504,0.611327870307671,44.20184622705506,83.41700667880082
208,Waterways,Cape Fear River,13.0,35.17608,-78.80974,12.903503912444618,10.329182053643278,4.648191390888246,4.648191390888246,9.388018353999676,16.48870025422149,15.615552774356031,30.70616665822459,37.25325459320075
209,Waterways,Cape Fear River,13.0,35.50852,-78.96071,14.899435512452392,10.700679160512557,9.781690040441775,9.781690040441775,2.5205347515044387,37.76948487040177,8.327146720495845,43.20451590886283,44.78110748061131
210,Waterways,Catawba River,13.0,35.85241,-81.18404,8.74658557995001,3.471016817546858,1.6975023703225822,1.6975023703225822,29.93284077352309,34.1605155213107,13.59065745507131,63.728893023888844,112.48274368177606
211,Waterways,Chowan River,13.0,36.4717,-76.94345,27.852933402447498,9.17413446761663,12.66944274159947,12.66944274159947,59.89648335131714,42.859462412139536,20.709466597434854,52.70872505791965,126.47810799809197
212,Drinking Water,MORGANTON CITY OF NC,13.0,35.74541,-81.68482,3.579520326319409,3.117304811371971,1.9230027603202375,1.9230027603202375,53.016624052384834,56.2115753440057,5.810869383091572,90.21561234774943,159.17622445170574
213,Drinking Water,TOWN OF NORWOOD NC,12.9,35.21959,-80.11895,22.461931750300725,4.128594460071209,4.196486437976691,4.196486437976691,5.83258697654458,59.49350956374642,11.401740411244116,60.089446284355994,96.20015924177197
214,Drinking Water,PERQUIMANS COUNTY WATER SYSTEM NC,12.8,36.18917,-76.46528,20.043680084248994,12.42791322341508,7.941779698409727,7.941779698409727,82.9854630797338,61.261423555822894,24.40815617763822,44.78409286352629,173.42602779232195
215,Drinking Water,CITY OF MOUNT AIRY  NC,12.7,36.49996,-80.60538,6.6528047418674054,0.9659739882826344,1.5914816806051624,1.5914816806051624,2.2745640075222964,73.8402560182625,2.295773591119498,76.64221710179926,74.29724431233899
216,Drinking Water,CITY OF BREVARD NC,12.6,35.23345,-82.73429,9.47758110009156,4.820954432279688,25.033989227429384,25.033989227429384,147.70122368643453,63.28080734850359,11.861863587738789,61.32799005599337,128.9700219167365
217,Drinking Water,TOWN OF YANCEYVILLE NC,12.5,36.40403,-79.33613,4.842026165121621,4.908548240126974,1.9973974020570349,1.9973974020570349,26.595221347941788,61.478640980157735,2.1539607822644635,34.62473649097429,67.18989957397794
218,Drinking Water,TOWN OF WAGRAM NC,12.1,34.88794,-79.36615,10.896097895675007,5.434480502769703,13.297165401892796,13.297165401892796,17.78781102541606,38.14770717643262,12.532034339712029,18.99009649374782,48.384663998483624
219,Drinking Water,TOWN OF DANBURY NC,11.4,36.40931,-80.20621,13.155820810399057,6.889076599822648,16.284838719131557,16.284838719131557,30.272622389490063,40.85788071860318,22.421909019902568,79.51477033707278,42.945658739278564
220,Drinking Water,TOWN OF WALLACE NC,11.0,34.73819,-77.99265,2.131248384997763,13.420901447540755,2.018647625654675,2.018647625654675,2.034617028772459,56.29047528831328,35.78490865959845,53.58327737722445,78.12483198533471
221,Drinking Water,SOUTHERN WAYNE SANITARY DIST NC,10.1,35.33246,-78.08084,10.993378038135617,4.826366859506054,5.312622027429083,5.312622027429083,4.435604150170809,73.70173063888825,17.343826553823398,10.408301253315342,87.92960458415081
222,Drinking Water,CITY OF KANNAPOLIS  NC,10.0,35.48736,-80.62173,13.459176244028374,1.93053912819897,6.549343840220103,6.549343840220103,14.300153332501049,17.957237008539547,3.5302013556910845,19.80389664201404,88.25121800417969
223,Drinking Water,TOWN OF SEVEN DEVILS NC,9.8,36.14595,-81.7976,9.325650045260089,16.73573107897756,35.88159398316441,35.88159398316441,16.434677146837792,44.53791038549551,11.779995746879312,56.740388641644444,164.80649968609606
224,Drinking Water,WAYNE WATER DISTRICTS,9.8,35.36356,-77.93032,3.756141590704242,4.170025507709436,2.9132697387767936,2.9132697387767936,9.22098389607163,87.48645192180676,12.430807492956074,3.7804278112090657,100.9692240702
225,Drinking Water,LINCOLN COUNTY WTP NC,9.2,35.4637,-81.20782,4.694447976049319,8.972325476025475,1.3997318151542193,1.3997318151542193,38.80865927497028,23.744839071307403,1.3997318151542193,37.340712812583575,131.15571121956742
226,Drinking Water,HAMLET WATER SYSTEM NC,9.2,34.88488,-79.69422,6.026788328755608,1.5437921352105448,4.234254102099184,4.234254102099184,17.011728703665135,64.71603778330645,9.79984967146195,25.221548892515568,78.19221025568996
227,Drinking Water,CHOCOWINITY WATER SYSTEM NC,9.1,35.51266,-77.10051,7.844618275782997,5.409303021594033,5.965687544511295,5.965687544511295,16.526221391989914,72.15202409008688,18.805645360498822,69.78329012970418,162.9082928856557
228,Drinking Water,MARTIN CO WATER & SEWER DIST I NC,9.0,35.75957,-79.0193,20.576708356477074,4.786770188379618,13.011450843079738,13.011450843079738,8.536447465828433,65.4198066062616,9.64245549892925,24.86608723262266,22.069032480558857
229,Drinking Water,TOWN OF LAKE WACCAMAW NC,9.0,34.31906,-78.50001,19.152849639219973,23.23549979693519,19.753844536351984,19.753844536351984,21.00747260088078,59.1951877904668,2.981317044239425,58.8878121393413,65.89324633464643
230,Drinking Water,CITY OF WINSTON-SALEM NC,8.6,36.09986,-80.24422,3.995659283999477,3.0416086680547045,1.9719280919949456,1.9719280919949456,3.1548246260196526,28.7939929971625,2.6998428996739583,56.339849764706784,25.23157198170868
231,Drinking Water,HERTFORD WATER SYSTEM NC,8.6,36.19016,-76.46605,20.10870866508792,12.450243341478307,8.070232741592497,8.070232741592497,82.9802290360236,61.140765230160895,24.365130432445703,44.71032367600545,173.29613132929467
232,Drinking Water,TYRRELL COUNTY WATER NC,8.5,35.89255,-76.17837,38.41868131525956,17.76848519174303,27.884906929656815,27.884906929656815,97.99257336278905,95.89189814301207,53.15529815058877,74.54667266193508,214.97215932429552
233,Drinking Water,TOWN OF WEST JEFFERSON NC,7.8,36.40374,-81.49288,7.1452290443703825,16.975736960218367,2.2334914624638036,2.2334914624638036,5.033014771945501,33.53794040357317,17.00446876570873,64.21893340100827,141.795838005019
234,Drinking Water,MOORE CO PUBLIC UTIL-PINEHURST NC,7.8,35.19543,-79.46948,8.757413930116524,3.555462243718931,6.3326493083131625,6.3326493083131625,29.34188054873026,41.42379436543397,8.795660716849664,18.41675901522572,69.59752853191323
235,Drinking Water,TOWN OF LUCAMA NC,7.5,35.64544,-78.00971,14.30699545065265,10.085446846188866,9.70691791205148,9.70691791205148,7.32607369576006,99.33754057003465,12.095772300984535,33.20789084389763,80.1162203279887
236,Drinking Water,MOORESVILLE TOWN OF NC,7.4,35.58203,-80.81405,8.370593646773235,13.22775552888535,2.344899673449287,2.344899673449287,12.315781862152006,20.590297315377054,0.708774531325264,27.132607069282123,94.18734001636211
237,Drinking Water,CITY OF DUNN NC,7.3,35.30627,-78.6089,13.706281560974988,7.424238904485457,1.719649175625082,1.719649175625082,7.674719014019372,35.53945572002573,1.719649175625082,52.152309953298044,55.713021928936335
238,Drinking Water,COLUMBUS COUNTY WATER DIST III NC,7.3,34.25487,-78.74762,3.8448551655893994,3.912082918767372,6.793197072584019,6.793197072584019,39.24132094746871,65.22017919120213,4.271290929459439,67.01430450695767,65.80674516562812
239,Drinking Water,TOWN OF MAYODAN NC,7.3,36.41236,-79.96699,10.908982237398455,3.8298014503115043,1.3976001888788312,1.3976001888788312,32.15214855360606,32.69003218726528,2.892729766588271,61.115127713826105,37.44085634282707
240,Drinking Water,TOWN OF AHOSKIE NC,7.1,36.28682,-76.98468,16.67341129526925,11.793950303375427,2.6575816005742614,2.6575816005742614,45.21897391871627,60.79080917661086,2.604030997708056,70.95347820750737,144.78315333368772
241,Drinking Water,TOWN OF ROSMAN NC,7.1,35.14372,-82.82124,21.64057823608747,1.7183173724204384,36.693490287751715,36.693490287751715,160.40956393259634,59.96661207797019,19.062924380889697,58.412911815966424,127.79180531754461
242,Drinking Water,CITY OF ELIZABETH CITY NC,6.9,36.2946,-76.25105,8.221215288894522,6.185241184891637,4.136923031039522,4.136923031039522,105.48457687865688,50.71948920278134,8.413315200129428,29.447681401267634,174.36696174146883
243,Drinking Water,TOWN OF MOCKSVILLE NC,6.8,35.89403,-80.56145,9.308575595785058,4.0698723325140405,0.7369468930059552,0.7369468930059552,5.614916677782793,29.122298500413276,1.8945314183593567,27.663510566081523,57.3375406603108
244,Drinking Water,CHARLOTTE WATER NC,6.8,35.27683,-80.88938,8.738102396058897,0.46520379761580594,0.7953217445578307,0.7953217445578307,16.924581440271325,10.805460011069776,1.0396548820793674,7.679394102933076,121.90414362747946
245,Drinking Water,CITY OF CHERRYVILLE NC,6.7,35.37894,-81.37957,22.84850180388782,5.298692700524263,4.777776563920634,4.777776563920634,55.408049270368494,33.485603587495625,0.6520087491675185,44.66206746484149,149.3495327346893
246,Drinking Water,TOWN OF MAGNOLIA NC,6.6,34.89656,-78.05415,13.340544275809638,7.8698903090855445,4.740565727019746,4.740565727019746,19.809992748039498,69.62176100579224,24.521490773252044,50.88982962929947,71.84168311900608
247,Drinking Water,TOWN OF PILOT MOUNTAIN NC,6.4,36.38653,-80.4695,10.891190424293525,10.478565981459324,11.214802464540838,11.214802464540838,6.797792211943962,57.11804127541288,15.567715636725046,82.37806925766822,56.94150225836596
248,Drinking Water,TOWN OF ELM CITY NC,5.9,35.80655,-77.86332,6.411584996548023,9.941718781225616,5.439410182313148,5.439410182313148,10.10713219080336,121.31463430501853,5.647835316605645,51.775667343238936,88.69781723769691
249,Drinking Water,PASQUOTANK COUNTY WATER SYSTEM NC,5.8,36.29271,-76.31741,13.705596808993667,6.991766653765929,2.361861275302803,2.361861275302803,100.26872639762485,50.56527380720014,7.8397702752079095,29.956002963312216,170.9866342954061
250,Drinking Water,HENDERSON-KERR LAKE REG WTR NC,5.5,35.75957,-79.0193,20.576708356477074,4.786770188379618,13.011450843079738,13.011450843079738,8.536447465828433,65.4198066062616,9.64245549892925,24.86608723262266,22.069032480558857
251,Drinking Water,DARE CO-CAPE HATTERAS WATER NC,4.9,35.24804,-75.53932,7.59687325736116,28.770119579122287,56.99838046134669,56.99838046134669,108.28948869264813,82.7970732514539,131.0860727954285,128.06996725194597,303.7306141239002
252,Drinking Water,CITY OF LEXINGTON NC,4.6,35.82403,-80.25338,6.453426332204379,2.2192860283011395,5.317954430209459,5.317954430209459,2.583367351881514,33.188679750472765,1.29268477039688,31.420626297059574,38.16451397629211
253,Drinking Water,HYDE COUNTY WATER SYSTEM NC,4.6,35.37777,-76.17837,53.26734133532315,12.203013100790983,41.74980020710662,41.74980020710662,61.16848368321605,56.56953249694236,79.3046969214968,82.63349613274484,247.4825028980386
254,Drinking Water,SALISBURY-ROWAN NC,4.6,35.67097,-80.47423,4.747188784035589,5.259696200449013,2.3571327633293087,2.3571327633293087,5.2998011445709805,6.989436539914517,1.174477019166689,5.283165130392467,64.26379594137276
255,Drinking Water,TOWN OF OLD FORT NC,4.6,35.62901,-82.18067,18.439905958525898,5.513786060674924,12.015855909697327,12.015855909697327,81.87119496480302,97.76235412504234,5.0832215724916985,97.36549848116586,162.76790245031918
256,Drinking Water,TOWN OF BAKERSVILLE NC,4.2,36.01567,-82.15874,28.251037429252165,9.62912780998106,13.038670569622022,13.038670569622022,51.90249619176586,78.35032003834975,13.038670569622022,59.19892277593908,164.6435551254364
257,Drinking Water,CITY OF ROXBORO   NC,4.0,36.39375,-78.98279,12.650891507974373,5.4682475887557365,4.796823858378696,4.796823858378696,20.34097651973403,89.75974691276758,4.32012190148781,50.3388189087933,53.96159474045303
258,Drinking Water,TOWN OF HARRISBURG NC,3.9,35.32375,-80.6559,8.850872990395183,3.013349442180028,2.00942709489482,2.00942709489482,1.5792112713974558,29.158787320741872,3.3683643189523025,27.587070269996598,104.31682565245059
259,Drinking Water,TOWN OF SOUTHERN PINES NC,3.9,35.17405,-79.39225,7.3361540928309905,7.820815228752773,1.805614874276422,1.805614874276422,22.904919578757095,34.0257416887565,6.587149399255181,17.952870259520825,62.48884056872009
260,Drinking Water,TOWN OF TAYLORTOWN NC,3.7,35.20766,-79.48587,9.42168116847698,2.3687461764476203,8.169934235287833,8.169934235287833,30.181614376697265,43.234897362198524,10.677802122432878,19.74729169291107,71.59420589344563
261,Drinking Water,TOWN OF MOUNT PLEASANT  NC,3.6,35.39931,-80.4359,24.86709312050135,10.488064959307286,12.824306499059276,12.824306499059276,9.491490681164573,27.509333554927228,12.824306499059276,28.695245985201595,86.38297014421482
262,Drinking Water,TOWN OF BLACK MOUNTAIN NC,3.5,35.6179,-82.32123,27.986355262119293,5.196035006906518,0.8735064230791658,0.8735064230791658,90.88847930598651,97.27218000398884,7.132804290478026,94.65806550414318,150.36927126315135
263,Drinking Water,CITY OF MOUNT HOLLY NC,3.3,35.29564,-81.01634,11.77853699458923,1.7652393584542376,0.693265308693578,0.693265308693578,27.581366357096968,4.922036955837437,0.693265308693578,11.83586534481201,128.59894246818885
264,Drinking Water,CITY OF ROXBORO  NC,3.3,36.39375,-78.98279,12.650891507974373,5.4682475887557365,4.796823858378696,4.796823858378696,20.34097651973403,89.75974691276758,4.32012190148781,50.3388189087933,53.96159474045303
265,Drinking Water,TOWN OF BOLTON NC,3.2,34.32072,-78.40195,25.301694356455595,16.924309237042944,14.903431018118907,14.903431018118907,13.695899869826697,50.32379457534716,9.961997098776472,51.83679564615277,70.41258501626858
266,Drinking Water,CHOWAN CO WATER SYSTEM NC,3.1,36.13541,-76.61817,12.494850810983953,5.64758437776238,6.330617360962252,6.330617360962252,68.12411982174272,66.29577737811253,33.442302051052124,56.62131641921369,172.33501840387487
267,Drinking Water,CITY OF EDEN NC,3.1,36.48847,-79.7667,9.194478322306896,1.7212362359526714,4.876751282315022,4.876751282315022,25.754600796170877,43.311820575241924,1.95084651227672,54.027084864486504,49.22565032282877
268,Drinking Water,CLEVELAND COUNTY WATER,3.0,35.43429,-81.56212,19.682332363028237,12.904284083687363,12.792521273434174,12.792521273434174,71.03059569704921,51.11778114155643,9.418506270400485,62.29305786762688,160.7939014938166
269,Drinking Water,DUPLIN COUNTY WATER SYSTEM NC,3.0,34.88401,-78.01954,13.391595451802285,4.468858233669434,2.782807481901781,2.782807481901781,17.885555025271547,72.66334117231698,27.968825128484358,51.889787364893955,74.8938200579352
270,Drinking Water,TOWN OF MARS HILL NC,2.7,35.8265,-82.5493,42.98505690544423,9.534532030263547,11.847963941907354,11.847963941907354,92.81015626295044,117.69954967300876,13.574057859503494,78.19821023783483,128.06766036010137
271,Drinking Water,CITY OF WASHINGTON NC,2.5,35.54655,-77.05217,2.614899372283786,1.861350282377016,2.20691925042914,2.20691925042914,17.557030858760037,74.9345809011457,23.77121434589611,72.35901432237237,166.15933099242196
272,Drinking Water,PASQUOTANK CO RO WATER SYSTEM NC,2.5,36.29271,-76.31741,13.705596808993667,6.991766653765929,2.361861275302803,2.361861275302803,100.26872639762485,50.56527380720014,7.8397702752079095,29.956002963312216,170.9866342954061
273,Drinking Water,CITY OF BELMONT NC,2.4,35.24385,-81.03779,9.64706293082051,4.2108721588409255,2.9087116278786422,2.9087116278786422,30.844153971039386,1.4908660060110952,2.9087116278786422,10.291319591728723,133.96816309745313
274,Drinking Water,GREENE CO REGIONAL WATER SYST NC,2.3,35.75957,-79.0193,20.576708356477074,4.786770188379618,13.011450843079738,13.011450843079738,8.536447465828433,65.4198066062616,9.64245549892925,24.86608723262266,22.069032480558857
275,Drinking Water,TOWN OF KINGS MOUNTAIN NC,2.3,35.24513,-81.34119,18.077619092961356,4.7016943913762494,1.0151359635647967,1.0151359635647967,56.98419292482724,27.176435340798573,1.0151359635647967,37.514596099754954,145.7830018348797
276,Drinking Water,TOWN OF HARRELLSVILLE NC,2.2,36.30266,-76.79245,33.83488912991779,18.890408141232797,6.07931791223256,6.07931791223256,61.791857246362206,51.01603189360538,19.397120097122098,54.9441108793772,148.96453334871515
277,Drinking Water,TOWN OF VALDESE NC,2.2,35.74069,-81.56315,7.928649478888375,8.965993571201532,0.6082406373447344,0.6082406373447344,53.828312362441494,50.70395795200044,1.5878610627164471,81.80710456490417,148.6708225954236
278,Drinking Water,TOWN OF FAITH NC,2.1,35.58708,-80.46284,8.697420557592713,9.004790678741813,4.662521394015763,4.662521394015763,11.16278082320539,8.340395959219473,7.476246928103903,8.703895167196642,70.46527558528577
279,Drinking Water,TOWN OF ROSE HILL NC,2.1,34.82822,-78.02304,12.2161339499304,5.241404382630972,1.5923512564809235,1.5923512564809235,12.366010384554297,66.6653455468505,30.97526604325585,58.09734104478777,74.46874926984103
280,Drinking Water,BELHAVEN WATER SYSTEM NC,2.0,35.54017,-76.62299,21.53142914910483,13.933952365555223,22.947093351070457,22.947093351070457,54.89803318234757,76.50997950579838,37.69522937360625,73.96568033195996,204.15637031076437
281,Drinking Water,CITY OF KING NC,1.8,36.28053,-80.35937,18.889534179892323,8.033723178029577,3.202330204391783,3.202330204391783,18.182142182603208,42.87705574502772,11.563445150965372,71.9966292624435,42.09193664894154
282,Drinking Water,ORIENTAL WATER SYSTEM NC,1.8,35.031,-76.69299,22.41834580579072,19.597075036505114,22.970341416455515,22.970341416455515,0.6478850076299134,23.080805393574373,25.208381982722145,22.040196757473385,196.7269455568373
283,Drinking Water, CITY OF ASHEVILLE  NC ,1.7,35.59506,-82.55149,17.2732169284995,8.433445798169709,3.1494997777546865,3.1494997777546865,107.63159812049658,95.8798826492226,0.9876819885822384,93.40724765220243,130.29434672966266
284,Drinking Water,LA GRANGE WATER SYSTEM NC,1.7,35.30683,-77.78803,16.031862029038255,6.282854131772919,3.0038517646567526,3.0038517646567526,2.589681775401204,92.76269359193843,17.443837119355937,16.965104294426617,108.70234066645683
285,Drinking Water,DURHAM COUNTY ROUGEMONT WATER SYSTEM NC,1.6,36.21848,-78.9264,8.360486248349186,8.696228605719645,10.94243518188364,10.94243518188364,19.15432202913871,90.27341901000779,15.193794888279838,41.245280084903094,33.8960115292347
286,Drinking Water,ONSLOW WTR AND SEWER AUTHORITY NC,1.6,35.75957,-79.0193,20.576708356477074,4.786770188379618,13.011450843079738,13.011450843079738,8.536447465828433,65.4198066062616,9.64245549892925,24.86608723262266,22.069032480558857
287,Drinking Water,TOWN OF SURF CITY NC,1.5,34.42711,-77.54608,7.146764261535048,2.225032393284797,7.8287933274004535,7.8287933274004535,30.800021555281134,35.49137324141278,7.715766095455415,26.885000707186126,126.94539809585176
288,Drinking Water,BEAUFORT CO SOUTHSIDE NC,1.4,35.75957,-79.0193,20.576708356477074,4.786770188379618,13.011450843079738,13.011450843079738,8.536447465828433,65.4198066062616,9.64245549892925,24.86608723262266,22.069032480558857
289,Drinking Water,FIRST CRAVEN SANITARY DISTRICT NC,1.4,35.12163,-77.00434,6.594278730251619,5.851288199848867,2.2690582310983762,2.2690582310983762,3.7194642684440087,27.919301176766286,20.434766568570826,25.89303876701679,169.99711353720124
290,Drinking Water,TOWN OF GREENEVERS NC,1.4,34.82239,-77.92693,13.197291912140287,6.202369807799183,8.660100186113667,8.660100186113667,8.681890971793536,64.64197033920657,38.660575176652976,50.557214608426854,83.25618755751651
291,Drinking Water,TOWN OF PINK HILL NC,1.4,35.05516,-77.74637,0.8157351471223363,26.397044881452047,11.264660110352267,11.264660110352267,10.042136916121791,78.58392273742548,32.10660208709805,38.34895618239531,102.35142906932035
292,Drinking Water,AYDEN TOWN OF NC,1.2,35.47266,-77.41552,5.093275959038791,9.107451547609383,7.4044313830534305,7.4044313830534305,6.572818376354662,80.08641996343485,10.10400860270164,51.916381196885084,137.18668174352442
293,Drinking Water,CITY OF ROCKINGHAM NC,1.2,34.93932,-79.77395,5.629709026798102,6.299993681031057,1.9405424397889266,1.9405424397889266,8.841551404072764,69.79014064701275,1.1128839021245256,28.48056515567522,85.97718588137617
294,Drinking Water,SOUTHERN OUTER BANKS WTR SYST NC,1.2,35.55849,-75.46652,39.08612678865372,6.461893103889121,40.52435906490472,40.52435906490472,126.43202020119436,108.67861309742507,116.34715127013492,132.525446947713,282.3537350788571
295,Drinking Water,TOWN OF GRIMESLAND NC,1.2,35.5635,-77.19218,12.880506670235485,6.453395474310316,7.845357708672922,7.845357708672922,7.247210040913844,79.91963930432361,17.36650138655405,74.20256720721223,153.42195569888378
296,Drinking Water,TUCKASEIGEE WATER & SEWER AUTH NC,1.2,35.75957,-79.0193,20.576708356477074,4.786770188379618,13.011450843079738,13.011450843079738,8.536447465828433,65.4198066062616,9.64245549892925,24.86608723262266,22.069032480558857
297,Drinking Water,TOWN OF EDENTON NC,1.1,36.05794,-76.60772,4.599276057195352,6.063875350680554,3.0979809827480356,3.0979809827480356,64.93758114534124,74.87645732870368,32.439638507801845,63.520530946492784,180.54755496675932
298,Drinking Water,TOWN OF HILLSBOROUGH NC,1.1,36.07542,-79.09973,15.293634318676375,0.8916970692018718,1.4688097066735455,1.4688097066735455,16.658978576955214,74.28861548637548,13.179798311328776,27.801273296833067,27.13373878353308
299,Drinking Water,TOWN OF ROSEBORO NC,1.1,34.95295,-78.50862,13.872674549556447,5.334096331205517,17.387660775129845,17.387660775129845,11.579620025708392,27.922455387079115,19.18204001139883,61.32474744938652,32.5457496550906
300,Drinking Water,TOWN OF YADKINVILLE NC,1.1,36.13458,-80.65951,8.733674115255745,5.362105147980091,18.38706832111239,18.38706832111239,2.6535400391428814,56.880326850773095,3.9233571608617908,55.555166752238584,62.7340818940811
301,Drinking Water,TWO RIVERS UTILITIES NC,1.1,35.26541,-81.18385,7.8963641416392765,6.036598743324624,1.548940490694242,1.548940490694242,43.13148623257829,12.892742263148582,1.2893085169232121,23.723695642612775,142.2613132926896
302,Drinking Water,TOWN OF FARMVILLE NC,1.0,35.59544,-77.58525,4.554571531124242,2.938945021650324,0.6771857789106004,0.6771857789106004,4.030422568774259,100.20509978722126,2.406456729414233,44.190775918101984,118.23762824308147
303,Waterways,Cape Fear River,0.0,34.79584,-78.80513,10.94303105729919,9.427746734864158,4.2694634567546705,4.2694634567546705,1.424747659954528,5.437069799784637,5.973134987298288,48.846286890710886,5.973134987298288
304,Waterways,Chowan River,0.0,36.15021,-76.73789,20.15571991773208,9.499530942656923,15.12578962335473,15.12578962335473,60.19600944582565,65.96659473631767,24.51149564737314,61.981899863886134,166.49458234865597
305,Waterways,Contentnea Creek,0.0,35.458,-77.675,15.394514241671367,7.685634954809361,17.243231656870993,17.243231656870993,0.06188200564500213,94.48105045662706,15.654260660939634,29.189595701122403,116.17060884585479
306,Waterways,Neuse River,0.0,35.93954,-78.57553,19.745580777345616,3.015097505491571,3.77420015932028,3.77420015932028,4.368049127991441,94.04996612677957,1.3586166140491491,19.900189253431616,24.303336507953134
307,Waterways,Roanoke River,0.0,36.48171,-77.65994,6.446146381268396,2.9147726358465595,1.6264353723867884,1.6264353723867884,37.047016985960695,99.58960333041637,1.5483909950702184,65.59443294808172,118.44110404569585
308,Waterways,Yadkin River,0.0,35.99756,-80.41813,10.440199648630752,4.53697125564465,3.5366593122040495,3.5366593122040495,1.878977718239841,41.9085900204432,10.210919107616476,40.144425410400736,41.65631525384408
